Date,High,Low,Open,Close,Volume,Adj Close,sma01_5,sma02_25,sma03_50
2020-01-06,23365.359375,23148.529296875,23319.759765625,23204.859375,72800000,23204.859375,,,
2020-01-07,23577.439453125,23299.919921875,23320.119140625,23575.720703125,64300000,23575.720703125,,,
2020-01-08,23303.2109375,22951.1796875,23217.490234375,23204.759765625,79400000,23204.759765625,,,
2020-01-09,23767.08984375,23506.150390625,23530.2890625,23739.869140625,62200000,23739.869140625,,,
2020-01-10,23903.2890625,23761.080078125,23813.279296875,23850.5703125,55900000,23850.5703125,23515.155859375,,
2020-01-14,24059.859375,23951.66015625,23969.0390625,24025.169921875,64200000,24025.169921875,23679.21796875,,
2020-01-15,23997.390625,23875.8203125,23923.48046875,23916.580078125,57200000,23916.580078125,23747.38984375,,
2020-01-16,23975.380859375,23905.380859375,23960.19921875,23933.130859375,55400000,23933.130859375,23893.0640625,,
2020-01-17,24115.94921875,24013.75,24103.44921875,24041.259765625,59400000,24041.259765625,23953.3421875,,
2020-01-20,24108.109375,24061.669921875,24080.6796875,24083.509765625,38300000,24083.509765625,23999.930078125,,
2020-01-21,24081.75,23843.48046875,24072.810546875,23864.560546875,44600000,23864.560546875,23967.808203125,,
2020-01-22,24040.869140625,23831.099609375,23835.490234375,24031.349609375,49000000,24031.349609375,23990.762109375,,
2020-01-23,23910.009765625,23779.23046875,23843.509765625,23795.439453125,55500000,23795.439453125,23963.223828125,,
2020-01-24,23869.380859375,23755.3203125,23850.119140625,23827.1796875,48700000,23827.1796875,23920.4078125,,
2020-01-27,23463.890625,23317.3203125,23427.900390625,23343.509765625,62400000,23343.509765625,23772.4078125,,
2020-01-28,23243.359375,23115.150390625,23126.9296875,23215.7109375,64400000,23215.7109375,23642.637890625,,
2020-01-29,23392.609375,23214.279296875,23309.3203125,23379.400390625,54900000,23379.400390625,23512.248046875,,
2020-01-30,23318.5703125,22892.94921875,23284.580078125,22977.75,69600000,22977.75,23348.71015625,,
2020-01-31,23421.58984375,23139.98046875,23148.919921875,23205.1796875,75400000,23205.1796875,23224.31015625,,
2020-02-03,23023.73046875,22775.919921875,22874.26953125,22971.939453125,72500000,22971.939453125,23149.99609375,,
2020-02-04,23118.130859375,22854.44921875,22881.130859375,23084.58984375,67900000,23084.58984375,23123.771875,,
2020-02-05,23414.689453125,23241.640625,23351.470703125,23319.560546875,70300000,23319.560546875,23111.80390625,,
2020-02-06,23995.369140625,23625.130859375,23641.099609375,23873.58984375,95100000,23873.58984375,23290.971875,,
2020-02-07,23943.44921875,23759.419921875,23899.009765625,23827.98046875,65400000,23827.98046875,23415.53203125,,
2020-02-10,23788.25,23621.720703125,23631.7890625,23685.98046875,56500000,23685.98046875,23558.340234375,23599.166015625,
2020-02-12,23869.73046875,23693.720703125,23741.2109375,23861.2109375,74600000,23861.2109375,23713.664453125,23625.420078125,
2020-02-13,23908.849609375,23784.310546875,23849.759765625,23827.73046875,64500000,23827.73046875,23815.2984375,23635.50046875,
2020-02-14,23738.419921875,23603.48046875,23714.51953125,23687.58984375,69100000,23687.58984375,23778.0984375,23654.813671875,
2020-02-17,23561.98046875,23335.990234375,23489.779296875,23523.240234375,54000000,23523.240234375,23717.150390625,23646.148515625,
2020-02-18,23402.009765625,23133.599609375,23398.5703125,23193.80078125,59500000,23193.80078125,23618.714453125,23619.877734375,
2020-02-19,23468.560546875,23234.9609375,23329.330078125,23400.69921875,61600000,23400.69921875,23526.612109375,23594.89890625,
2020-02-20,23806.560546875,23426.419921875,23666.580078125,23479.150390625,63300000,23479.150390625,23456.89609375,23577.40171875,
2020-02-21,23588.55078125,23378.330078125,23427.76953125,23386.740234375,62100000,23386.740234375,23396.726171875,23555.54609375,
2020-02-25,22950.23046875,22335.2109375,22949.369140625,22605.41015625,105800000,22605.41015625,23213.16015625,23498.112109375,
2020-02-26,22456.55078125,22127.419921875,22374.140625,22426.189453125,99300000,22426.189453125,23059.637890625,23431.819296875,
2020-02-27,22272.259765625,21844.2890625,22255.830078125,21948.23046875,106200000,21948.23046875,22769.144140625,23355.16609375,
2020-02-28,21528.130859375,20916.400390625,21518.009765625,21142.9609375,148500000,21142.9609375,22301.90625,23239.630546875,
2020-03-02,21593.109375,20834.2890625,20849.7890625,21344.080078125,123700000,21344.080078125,21893.37421875,23141.576171875,
2020-03-03,21719.779296875,21082.73046875,21651.990234375,21082.73046875,105300000,21082.73046875,21588.83828125,23031.798203125,
2020-03-04,21245.9296875,20862.05078125,20897.19921875,21100.060546875,94600000,21100.060546875,21323.6125,22942.060234375,
2020-03-05,21399.869140625,21220.759765625,21399.869140625,21329.119140625,85700000,21329.119140625,21199.790234375,22866.5965625,
2020-03-06,21061.19921875,20613.91015625,21009.80078125,20749.75,111700000,20749.75,21121.148046875,22761.410546875,
2020-03-09,20347.189453125,19472.259765625,20343.310546875,19698.759765625,170300000,19698.759765625,20792.083984375,22630.2509375,
2020-03-10,19970.349609375,18891.76953125,19474.890625,19867.119140625,164700000,19867.119140625,20548.96171875,22496.728515625,
2020-03-11,19974.830078125,19392.25,19758.259765625,19416.060546875,129200000,19416.060546875,20212.16171875,22354.493359375,
2020-03-12,19142.1796875,18339.26953125,19064.509765625,18559.630859375,164600000,18559.630859375,19658.2640625,22173.495,
2020-03-13,18184.4609375,16690.599609375,18183.470703125,17431.05078125,233400000,17431.05078125,18994.52421875,21937.954609375,
2020-03-16,17785.759765625,16914.44921875,17586.080078125,17002.0390625,158100000,17002.0390625,18455.180078125,21663.092578125,
2020-03-17,17557.0390625,16378.9404296875,16726.94921875,17011.529296875,198800000,17011.529296875,17884.062109375,21390.43453125,
2020-03-18,17396.83984375,16698.4609375,17154.080078125,16726.55078125,177200000,16726.55078125,17346.16015625,21112.05734375,22355.6116796875
2020-03-19,17160.970703125,16358.1904296875,16995.76953125,16552.830078125,198900000,16552.830078125,16944.8,20819.722109375,22222.57109375
2020-03-23,17049.029296875,16480.94921875,16570.5703125,16887.779296875,170300000,16887.779296875,16836.145703125,20542.1240625,22088.812265625
2020-03-24,18100.390625,17197.140625,17206.880859375,18092.349609375,147300000,18092.349609375,17054.2078125,20318.314453125,21986.5640625
2020-03-25,19564.380859375,18446.80078125,18446.80078125,19546.630859375,147700000,19546.630859375,17561.228125,20159.250078125,21902.699296875
2020-03-26,19240.2890625,18512.810546875,19234.76953125,18664.599609375,128100000,18664.599609375,17948.837890625,19978.08203125,21798.9798828125
2020-03-27,19389.4296875,18832.2109375,19021.970703125,19389.4296875,148900000,19389.4296875,18516.1578125,19817.63125,21706.265078125
2020-03-30,19084.970703125,18578.19921875,18884.0703125,19084.970703125,121000000,19084.970703125,18955.59609375,19641.8640625,21609.632890625
2020-03-31,19336.189453125,18834.16015625,19181.900390625,18917.009765625,122200000,18917.009765625,19120.528125,19463.07484375,21509.31046875
2020-04-01,18784.25,17871.619140625,18686.119140625,18065.41015625,105800000,18065.41015625,18824.283984375,19281.47484375,21389.7934765625
2020-04-02,18132.0390625,17707.66015625,17934.419921875,17818.720703125,107300000,17818.720703125,18655.108203125,19097.17609375,21264.4976953125
2020-04-03,18059.150390625,17646.5,17951.439453125,17820.189453125,96000000,17820.189453125,18341.26015625,18932.054453125,21143.6102734375
2020-04-06,18672.259765625,17802.619140625,17857.990234375,18576.30078125,105700000,18576.30078125,18239.526171875,18829.388046875,21034.509296875
2020-04-07,19162.51953125,18553.140625,18878.859375,18950.1796875,108200000,18950.1796875,18246.16015625,18733.63203125,20937.6041015625
2020-04-08,19454.33984375,18730.80078125,19047.759765625,19353.240234375,105900000,19353.240234375,18503.726171875,18664.452421875,20848.1253125
2020-04-09,19406.9609375,19158.55078125,19376.0,19345.76953125,82300000,19345.76953125,18809.1359375,18594.28078125,20768.1705078125
2020-04-10,19500.0703125,19235.9609375,19500.0703125,19498.5,87500000,19498.5,19144.798046875,18521.056015625,20693.8262890625
2020-04-13,19355.0390625,19014.3203125,19312.0390625,19043.400390625,65600000,19043.400390625,19238.21796875,18452.80203125,20607.1062890625
2020-04-14,19705.990234375,19093.119140625,19150.30078125,19638.810546875,81900000,19638.810546875,19375.944140625,18450.4040625,20540.3275
2020-04-15,19660.6796875,19465.94921875,19589.25,19550.08984375,94100000,19550.08984375,19415.3140625,18437.722890625,20467.225703125
2020-04-16,19362.169921875,19154.41015625,19311.30078125,19290.19921875,81400000,19290.19921875,19404.2,18432.6884375,20393.5908984375
2020-04-17,19922.0703125,19554.69921875,19575.849609375,19897.259765625,87800000,19897.259765625,19483.951953125,18486.19359375,20329.844296875
2020-04-20,19784.380859375,19611.7890625,19689.849609375,19669.119140625,65000000,19669.119140625,19609.095703125,18575.716328125,20256.83546875
2020-04-21,19529.060546875,19193.220703125,19479.830078125,19280.779296875,79400000,19280.779296875,19537.489453125,18666.8659375,20164.9792578125
2020-04-22,19137.94921875,18858.25,19109.1796875,19137.94921875,76400000,19137.94921875,19455.061328125,18751.922734375,20071.1786328125
2020-04-23,19429.439453125,19221.5390625,19313.0390625,19429.439453125,72600000,19429.439453125,19482.909375,18860.03828125,19986.0478125
2020-04-24,19352.240234375,19175.380859375,19331.859375,19262.0,84700000,19262.0,19355.857421875,18968.405078125,19894.06359375
2020-04-27,19819.060546875,19410.1796875,19410.83984375,19783.220703125,77600000,19783.220703125,19378.677734375,19084.222734375,19813.1733984375
2020-04-28,19841.779296875,19638.48046875,19776.1796875,19771.189453125,68600000,19771.189453125,19476.759765625,19151.376328125,19734.845390625
2020-04-30,20365.890625,20084.830078125,20105.6796875,20193.689453125,103400000,20193.689453125,19687.9078125,19177.258671875,19668.254375
2020-05-01,20000.25,19551.73046875,19991.970703125,19619.349609375,86600000,19619.349609375,19725.88984375,19215.448671875,19596.7653515625
2020-05-07,19720.869140625,19448.9296875,19468.51953125,19674.76953125,82900000,19674.76953125,19808.44375,19226.862265625,19522.2467578125
2020-05-08,20179.08984375,19894.580078125,19972.08984375,20179.08984375,82200000,20179.08984375,19887.617578125,19270.62703125,19456.245546875
2020-05-11,20534.880859375,20285.0390625,20333.73046875,20390.66015625,76200000,20390.66015625,20011.51171875,19329.573046875,19396.3239453125
2020-05-12,20457.369140625,20293.970703125,20413.23046875,20366.48046875,67700000,20366.48046875,20046.069921875,19421.615859375,19351.5453515625
2020-05-13,20329.890625,20056.4609375,20140.919921875,20267.05078125,79500000,20267.05078125,20175.61015625,19519.5490625,19308.362578125
2020-05-14,20185.0,19902.9296875,20140.490234375,19914.779296875,76900000,19914.779296875,20223.612109375,19603.33265625,19267.6935546875
2020-05-15,20198.25,19832.880859375,20149.7890625,20037.470703125,75200000,20037.470703125,20195.28828125,19661.779453125,19245.58375
2020-05-18,20197.58984375,19999.099609375,20097.619140625,20133.73046875,71900000,20133.73046875,20143.90234375,19709.121484375,19221.3767578125
2020-05-19,20659.4609375,20433.44921875,20469.51953125,20433.44921875,93000000,20433.44921875,20157.29609375,19752.32984375,19208.3911328125
2020-05-20,20684.4609375,20454.029296875,20454.490234375,20595.150390625,71800000,20595.150390625,20222.916015625,19802.305078125,19198.2929296875
2020-05-21,20734.91015625,20503.869140625,20692.58984375,20552.310546875,62900000,20552.310546875,20350.422265625,19844.4575,19182.7567578125
2020-05-22,20615.119140625,20334.990234375,20583.94921875,20388.16015625,71100000,20388.16015625,20420.56015625,19898.247890625,19175.5249609375
2020-05-25,20741.650390625,20584.060546875,20653.41015625,20741.650390625,55100000,20741.650390625,20542.144140625,19942.361484375,19196.3827734375
2020-05-26,21328.33984375,20918.109375,20927.9609375,21271.169921875,87200000,21271.169921875,20709.68828125,20011.2046875,19224.4637890625
2020-05-27,21475.6796875,21142.720703125,21249.310546875,21419.23046875,112000000,21419.23046875,20874.504296875,20096.3659375,19264.5271875
2020-05-28,21926.2890625,21580.5,21612.900390625,21916.310546875,134000000,21916.310546875,21147.304296875,20177.12796875,19331.66078125
2020-05-29,21955.439453125,21710.80078125,21807.630859375,21877.890625,153200000,21877.890625,21445.250390625,20265.478828125,19420.597578125
2020-06-01,22161.390625,21898.990234375,21910.890625,22062.390625,72200000,22062.390625,21709.3984375,20376.74328125,19521.804609375
2020-06-02,22401.7890625,22118.400390625,22175.51953125,22325.609375,77900000,22325.609375,21920.286328125,20504.2496875,19628.0862109375
2020-06-03,22818.869140625,22462.6796875,22649.009765625,22613.759765625,94100000,22613.759765625,22159.1921875,20631.6225,19745.830390625
2020-06-04,22907.919921875,22501.810546875,22885.140625,22695.740234375,92000000,22695.740234375,22315.078125,20768.972109375,19868.68859375
2020-06-05,22865.880859375,22563.560546875,22613.080078125,22863.73046875,85600000,22863.73046875,22512.24609375,20892.1925,19988.2076171875
2020-06-08,23178.099609375,23028.619140625,23121.98046875,23178.099609375,108500000,23178.099609375,22735.387890625,21028.46890625,20089.9226171875
2020-06-09,23185.849609375,22933.140625,23135.7890625,23091.029296875,91500000,23091.029296875,22888.471875,21144.3625,20160.8105859375
2020-06-10,23175.8203125,22900.30078125,22939.0,23124.94921875,75600000,23124.94921875,22990.709765625,21284.586484375,20250.017578125
2020-06-11,22939.390625,22466.5390625,22848.01953125,22472.91015625,105900000,22472.91015625,22946.14375,21396.512109375,20311.6871875
2020-06-12,22350.30078125,21786.9296875,22082.119140625,22305.48046875,120500000,22305.48046875,22834.49375,21481.567734375,20376.0973828125
2020-06-15,22251.830078125,21529.830078125,22135.26953125,21530.94921875,78500000,21530.94921875,22505.063671875,21527.179296875,20428.376171875
2020-06-16,22624.140625,21899.48046875,21912.2890625,22582.2109375,100100000,22582.2109375,22403.3,21615.808515625,20518.7121875
2020-06-17,22536.380859375,22318.0703125,22517.140625,22455.759765625,72500000,22455.759765625,22269.462109375,21703.356875,20611.45296875
2020-06-18,22432.25,22125.349609375,22363.880859375,22355.4609375,65200000,22355.4609375,22245.972265625,21800.984140625,20702.1583984375
2020-06-19,22523.66015625,22352.16015625,22515.75,22478.7890625,97000000,22478.7890625,22280.633984375,21898.636875,20780.2081640625
2020-06-22,22575.740234375,22311.939453125,22353.689453125,22437.26953125,54600000,22437.26953125,22461.898046875,21990.7784375,20849.9499609375
2020-06-23,22693.890625,22257.140625,22636.060546875,22549.05078125,0,22549.05078125,22455.266015625,22075.4025,20913.866171875
2020-06-24,22663.2890625,22479.859375,22541.009765625,22534.3203125,67000000,22534.3203125,22470.978125,22152.969296875,20977.6371875
2020-06-25,22423.41015625,22165.140625,22287.869140625,22259.7890625,80800000,22259.7890625,22451.84375,22221.2684375,21032.86296875
2020-06-26,22589.140625,22408.26953125,22424.369140625,22512.080078125,66600000,22512.080078125,22458.501953125,22306.225234375,21102.2365625
2020-06-29,22281.380859375,21969.58984375,22255.05078125,21995.0390625,73700000,21995.0390625,22370.055859375,22356.36078125,21149.3611328125
2020-06-30,22448.30078125,22273.380859375,22335.099609375,22288.140625,74200000,22288.140625,22317.873828125,22397.039609375,21204.1221484375
2020-07-01,22360.310546875,22039.560546875,22338.30078125,22121.73046875,67400000,22121.73046875,22235.355859375,22425.139609375,21260.7527734375
2020-07-02,22267.509765625,22072.109375,22182.6796875,22145.9609375,73600000,22145.9609375,22212.590234375,22434.325625,21305.726796875
2020-07-03,22312.439453125,22154.970703125,22266.91015625,22306.48046875,51700000,22306.48046875,22171.4703125,22451.46921875,21358.4740234375
2020-07-06,22734.109375,22325.75,22341.26953125,22714.439453125,58000000,22714.439453125,22315.350390625,22477.551171875,21427.1472265625
2020-07-07,22742.279296875,22540.439453125,22649.900390625,22614.689453125,62700000,22614.689453125,22380.66015625,22489.114375,21496.68203125
2020-07-08,22667.94921875,22438.650390625,22481.609375,22438.650390625,64900000,22438.650390625,22444.044140625,22482.11,21556.86625
2020-07-09,22679.080078125,22434.380859375,22442.30078125,22529.2890625,65200000,22529.2890625,22520.709765625,22475.451953125,21622.21203125
2020-07-10,22563.6796875,22285.0703125,22534.970703125,22290.810546875,78800000,22290.810546875,22517.57578125,22452.53515625,21672.363828125
2020-07-13,22784.740234375,22561.470703125,22591.810546875,22784.740234375,71200000,22784.740234375,22531.6359375,22436.80078125,21732.63484375
2020-07-14,22677.01953125,22538.779296875,22631.869140625,22587.009765625,61000000,22587.009765625,22526.1,22416.64,21780.50125
2020-07-15,22965.560546875,22800.109375,22817.91015625,22945.5,72600000,22945.5,22627.469921875,22409.46203125,21847.0242578125
2020-07-16,22925.900390625,22739.419921875,22907.9609375,22770.359375,89400000,22770.359375,22675.683984375,22421.36,21908.9360546875
2020-07-17,22857.8203125,22643.51953125,22807.5703125,22696.419921875,55900000,22696.419921875,22756.805859375,22436.997578125,21959.28265625
2020-07-20,22788.529296875,22580.189453125,22772.0703125,22717.48046875,50000000,22717.48046875,22743.35390625,22484.458828125,22005.8190625
2020-07-21,22925.580078125,22780.220703125,22789.380859375,22884.220703125,68600000,22884.220703125,22802.79609375,22496.53921875,22056.1738671875
2020-07-22,22855.310546875,22732.919921875,22791.75,22751.609375,65400000,22751.609375,22764.01796875,22508.373203125,22105.8650390625
2020-07-27,22741.130859375,22429.5703125,22495.94921875,22715.849609375,71800000,22715.849609375,22753.116015625,22522.78875,22161.8864453125
2020-07-28,22842.189453125,22646.220703125,22735.01953125,22657.380859375,67800000,22657.380859375,22745.308203125,22529.932421875,22214.2846484375
2020-07-29,22584.869140625,22366.33984375,22543.890625,22397.109375,74300000,22397.109375,22681.233984375,22528.326015625,22259.5522265625
2020-07-30,22506.599609375,22334.7109375,22489.240234375,22339.23046875,77800000,22339.23046875,22572.2359375,22519.933203125,22297.6678515625
2020-07-31,22295.05078125,21710.0,22267.58984375,21710.0,106600000,21710.0,22363.9140625,22486.960390625,22319.96484375
2020-08-03,22214.58984375,21919.830078125,21947.580078125,22195.380859375,84000000,22195.380859375,22259.8203125,22484.3840625,22352.82625
2020-08-04,22603.8203125,22379.740234375,22379.740234375,22573.66015625,89100000,22573.66015625,22243.076171875,22486.847265625,22396.53625
2020-08-05,22554.19921875,22356.25,22479.720703125,22514.849609375,74000000,22514.849609375,22266.62421875,22507.6396875,22432.000234375
2020-08-06,22587.75,22362.890625,22471.7109375,22418.150390625,62600000,22418.150390625,22282.408203125,22512.840078125,22454.93984375
2020-08-07,22436.16015625,22204.609375,22433.779296875,22329.939453125,66700000,22329.939453125,22406.39609375,22521.1684375,22473.1540234375
2020-08-11,22760.869140625,22497.0703125,22505.509765625,22750.240234375,99300000,22750.240234375,22517.36796875,22545.339609375,22489.8326171875
2020-08-12,22874.369140625,22670.740234375,22747.439453125,22843.9609375,90800000,22843.9609375,22571.428125,22566.838828125,22509.1540234375
2020-08-13,23316.689453125,23111.5,23123.359375,23249.609375,84800000,23249.609375,22718.380078125,22588.245625,22532.8983984375
2020-08-14,23338.7890625,23222.849609375,23323.919921875,23289.359375,59800000,23289.359375,22892.621875,22615.232421875,22552.1733984375
2020-08-17,23248.75,23068.529296875,23189.48046875,23096.75,43600000,23096.75,23045.983984375,22641.55640625,22561.833203125
2020-08-18,23128.1796875,22948.890625,23097.80078125,23051.080078125,55600000,23051.080078125,23106.151953125,22662.428046875,22568.94
2020-08-19,23149.849609375,22953.599609375,22997.9296875,23110.609375,50100000,23110.609375,23159.481640625,22695.22,22573.877578125
2020-08-20,23078.359375,22851.830078125,23003.580078125,22880.619140625,50200000,22880.619140625,23085.68359375,22699.05515625,22567.92796875
2020-08-21,23135.4296875,22920.30078125,23022.759765625,22920.30078125,51200000,22920.30078125,23011.871875,22712.386796875,22564.5133984375
2020-08-24,23012.7109375,22862.5390625,22913.19921875,22985.509765625,40600000,22985.509765625,22989.623828125,22713.9871875,22561.724609375
2020-08-25,23431.0390625,23225.390625,23242.740234375,23296.76953125,75300000,23296.76953125,23038.76171875,22735.04359375,22578.201796875
2020-08-26,23348.80078125,23203.0,23257.05078125,23290.859375,47800000,23290.859375,23074.81171875,22758.821171875,22597.909375
2020-08-27,23323.0703125,23177.849609375,23311.0390625,23208.859375,52700000,23208.859375,23140.459765625,22778.476328125,22631.467578125
2020-08-28,23376.130859375,22594.7890625,23232.30078125,22882.650390625,98100000,22882.650390625,23132.9296875,22778.413515625,22637.4763671875
2020-08-31,23342.3203125,23102.609375,23147.140625,23139.759765625,81000000,23139.759765625,23163.7796875,22793.93953125,22651.1563671875
2020-09-01,23206.66015625,23047.76953125,23089.630859375,23138.0703125,59600000,23138.0703125,23132.03984375,22810.828359375,22666.8085546875
2020-09-02,23287.400390625,23170.8203125,23261.08984375,23247.150390625,52600000,23247.150390625,23123.298046875,22834.419140625,22682.17578125
2020-09-03,23580.509765625,23426.109375,23524.490234375,23465.529296875,57500000,23465.529296875,23174.63203125,22877.1559375,22702.7409765625
2020-09-04,23257.689453125,23098.76953125,23130.3203125,23205.4296875,59300000,23205.4296875,23239.187890625,22911.80390625,22715.8685546875
2020-09-07,23218.220703125,23086.890625,23145.470703125,23089.94921875,57300000,23089.94921875,23229.22578125,22967.001875,22726.9811328125
2020-09-08,23277.66015625,23129.66015625,23188.7890625,23274.130859375,62100000,23274.130859375,23256.437890625,23010.151875,22747.26796875
2020-09-09,23059.01953125,22878.7109375,22966.890625,23032.5390625,84400000,23032.5390625,23213.515625,23028.50703125,22757.6771484375
2020-09-10,23250.310546875,23134.01953125,23193.470703125,23235.470703125,67600000,23235.470703125,23167.50390625,23057.331875,22782.48578125
2020-09-11,23412.9296875,23114.630859375,23114.630859375,23406.490234375,76900000,23406.490234375,23207.716015625,23096.86546875,22804.8527734375
2020-09-14,23582.2109375,23429.419921875,23431.16015625,23559.30078125,65400000,23559.30078125,23301.586328125,23146.039921875,22833.6041796875
2020-09-15,23477.859375,23351.349609375,23438.830078125,23454.890625,61800000,23454.890625,23337.73828125,23174.2259375,22859.7827734375
2020-09-16,23506.44921875,23397.4296875,23425.23046875,23475.529296875,63000000,23475.529296875,23426.336328125,23199.488671875,22883.16375
2020-09-17,23446.390625,23272.23046875,23416.619140625,23319.369140625,61100000,23319.369140625,23443.116015625,23202.2790625,22895.26234375
2020-09-18,23398.4609375,23290.189453125,23321.189453125,23360.30078125,82600000,23360.30078125,23433.878125,23205.11671875,22910.1745703125
2020-09-23,23370.130859375,23154.44921875,23245.890625,23346.490234375,77000000,23346.490234375,23391.316015625,23215.106328125,22928.3313671875
2020-09-24,23234.720703125,23039.48046875,23215.0,23087.8203125,70500000,23087.8203125,23317.901953125,23216.5759375,22939.5019921875
2020-09-25,23272.669921875,23154.66015625,23217.330078125,23204.619140625,72200000,23204.619140625,23263.719921875,23220.336328125,22957.7781640625
2020-09-28,23516.0390625,23303.029296875,23391.9609375,23511.619140625,82000000,23511.619140625,23302.169921875,23245.576328125,22972.3157421875
2020-09-29,23622.740234375,23347.640625,23410.5,23539.099609375,61300000,23539.099609375,23337.9296875,23270.32828125,22991.3575390625
2020-09-30,23522.380859375,23170.890625,23478.849609375,23185.119140625,88200000,23185.119140625,23305.65546875,23278.31265625,22996.149921875
2020-10-02,23365.580078125,22951.41015625,23294.80078125,23029.900390625,86300000,23029.900390625,23294.071484375,23267.637890625,23001.3407421875
2020-10-05,23377.4296875,23252.689453125,23254.279296875,23312.140625,59500000,23312.140625,23315.57578125,23268.489140625,23013.65515625
2020-10-06,23441.16015625,23331.400390625,23420.0703125,23433.73046875,57700000,23433.73046875,23299.998046875,23277.483984375,23027.98015625
2020-10-07,23432.73046875,23272.44921875,23272.44921875,23422.8203125,52100000,23422.8203125,23276.7421875,23299.09078125,23038.7521484375
2020-10-08,23701.76953125,23477.73046875,23506.33984375,23647.0703125,56300000,23647.0703125,23369.132421875,23319.383203125,23056.6613671875
2020-10-09,23725.580078125,23552.73046875,23713.859375,23619.689453125,56100000,23619.689453125,23487.090234375,23338.64796875,23074.7381640625
2020-10-12,23597.91015625,23501.259765625,23588.740234375,23558.689453125,44900000,23558.689453125,23536.4,23351.10953125,23092.7643359375
2020-10-13,23667.900390625,23490.94921875,23667.900390625,23601.779296875,47200000,23601.779296875,23570.009765625,23356.55953125,23116.857734375
2020-10-14,23656.69921875,23518.810546875,23545.66015625,23626.73046875,54000000,23626.73046875,23610.791796875,23373.4115625,23142.607734375
2020-10-15,23581.16015625,23458.4296875,23548.44921875,23507.23046875,48300000,23507.23046875,23582.823828125,23390.1028125,23178.55234375
2020-10-16,23538.740234375,23382.669921875,23478.400390625,23410.630859375,48100000,23410.630859375,23541.012109375,23395.5628125,23202.85734375
2020-10-19,23707.16015625,23543.689453125,23543.689453125,23671.130859375,46300000,23671.130859375,23563.500390625,23421.106484375,23224.8067578125
2020-10-20,23674.869140625,23518.2890625,23587.869140625,23567.0390625,48700000,23567.0390625,23556.55234375,23434.36921875,23245.850546875
2020-10-21,23702.30078125,23611.330078125,23615.51953125,23639.4609375,53300000,23639.4609375,23559.0984375,23443.688046875,23270.2767578125
2020-10-22,23555.779296875,23436.169921875,23525.58984375,23474.26953125,44900000,23474.26953125,23552.50625,23440.286796875,23293.163359375
2020-10-23,23587.900390625,23469.130859375,23558.7109375,23516.58984375,49200000,23516.58984375,23573.698046875,23442.754765625,23308.4903515625
2020-10-26,23572.599609375,23475.51953125,23520.779296875,23494.33984375,41700000,23494.33984375,23538.33984375,23443.5071875,23321.4979296875
2020-10-27,23485.80078125,23232.310546875,23376.9609375,23485.80078125,52700000,23485.80078125,23522.0921875,23450.164453125,23326.2217578125
2020-10-28,23451.029296875,23334.23046875,23372.609375,23418.509765625,67100000,23418.509765625,23477.901953125,23452.4928125,23328.804765625
2020-10-29,23374.099609375,23170.759765625,23170.759765625,23331.939453125,57500000,23331.939453125,23449.4359375,23451.91078125,23333.5085546875
2020-10-30,23320.7109375,22948.470703125,23320.7109375,22977.130859375,76700000,22977.130859375,23341.544140625,23447.483203125,23332.0295703125
2020-11-02,23370.91015625,23096.7890625,23110.740234375,23295.48046875,69700000,23295.48046875,23301.772265625,23451.11765625,23335.7269921875
2020-11-04,23801.880859375,23505.779296875,23619.580078125,23695.23046875,81600000,23695.23046875,23343.658203125,23458.462109375,23352.01921875
2020-11-05,24112.419921875,23756.779296875,23776.19921875,24105.279296875,78600000,24105.279296875,23481.012109375,23481.109296875,23375.7187890625
2020-11-06,24389.0,24039.16015625,24076.220703125,24325.23046875,73200000,24325.23046875,23679.6703125,23526.71375,23402.513203125
2020-11-09,24962.80078125,24541.279296875,24568.83984375,24839.83984375,67000000,24839.83984375,24052.212109375,23599.111328125,23433.374609375
2020-11-10,25279.939453125,24833.1796875,25087.30078125,24905.58984375,128200000,24905.58984375,24374.233984375,23662.849296875,23465.66921875
2020-11-11,25401.30078125,25145.66015625,25145.66015625,25349.599609375,102500000,25349.599609375,24705.1078125,23739.4840625,23508.4840234375
2020-11-12,25587.9609375,25316.599609375,25439.349609375,25520.880859375,80500000,25520.880859375,24988.228125,23823.406484375,23561.2486328125
2020-11-13,25456.1796875,25215.310546875,25405.640625,25385.869140625,77600000,25385.869140625,25200.355859375,23892.9584375,23606.1708203125
2020-11-16,25928.1796875,25640.2890625,25652.689453125,25906.9296875,84900000,25906.9296875,25413.773828125,23984.448046875,23661.5480078125
2020-11-17,26057.30078125,25851.5390625,26043.44921875,26014.619140625,84800000,26014.619140625,25635.5796875,24082.685234375,23716.8973828125
2020-11-18,25882.140625,25656.69921875,25860.55078125,25728.140625,69200000,25728.140625,25711.287890625,24167.7396875,23762.149609375
2020-11-19,25650.859375,25474.939453125,25628.73046875,25634.33984375,82000000,25634.33984375,25733.9796875,24248.0440625,23810.7278125
2020-11-20,25555.369140625,25425.58984375,25486.830078125,25527.369140625,63400000,25527.369140625,25762.2796875,24328.849609375,23859.4762109375
2020-11-24,26261.779296875,25901.44921875,25901.44921875,26165.58984375,81700000,26165.58984375,25814.01171875,24439.04796875,23917.305390625
2020-11-25,26706.419921875,26258.349609375,26468.51953125,26296.859375,92500000,26296.859375,25870.459765625,24544.077109375,23982.591796875
2020-11-26,26560.029296875,26255.470703125,26255.470703125,26537.310546875,63500000,26537.310546875,26032.29375,24662.88796875,24048.62859375
2020-11-27,26672.400390625,26419.05078125,26530.279296875,26644.7109375,86200000,26644.7109375,26234.36796875,24783.09796875,24113.3930078125
2020-11-30,26834.19921875,26405.830078125,26830.099609375,26433.619140625,147700000,26433.619140625,26415.61796875,24901.471953125,24170.879375
2020-12-01,26852.16015625,26618.390625,26624.19921875,26787.5390625,73200000,26787.5390625,26540.0078125,25032.309921875,24237.53234375
2020-12-02,26889.900390625,26695.279296875,26884.990234375,26800.98046875,80200000,26800.98046875,26640.83203125,25164.575546875,24304.0413671875
2020-12-03,26868.08984375,26719.23046875,26740.30078125,26809.369140625,69500000,26809.369140625,26695.24375,25297.51828125,24373.8413671875
2020-12-04,26799.830078125,26646.080078125,26697.259765625,26751.240234375,61600000,26751.240234375,26716.549609375,25430.8275,24441.66015625
2020-12-07,26894.25,26500.3203125,26894.25,26547.439453125,61600000,26547.439453125,26739.313671875,25559.4475,24505.679140625
2020-12-08,26523.30078125,26327.080078125,26380.3203125,26467.080078125,55100000,26467.080078125,26675.221875,25699.04546875,24573.2643359375
2020-12-09,26826.779296875,26520.599609375,26526.33984375,26817.939453125,61800000,26817.939453125,26678.613671875,25839.943828125,24645.5307421875
2020-12-10,26852.76953125,26639.98046875,26688.5,26756.240234375,69200000,26756.240234375,26667.987890625,25962.38421875,24710.4231640625
2020-12-11,26819.41015625,26553.009765625,26732.849609375,26652.51953125,74900000,26652.51953125,26648.24375,26064.273828125,24772.6915625
2020-12-14,26870.470703125,26648.689453125,26659.529296875,26732.439453125,60000000,26732.439453125,26685.24375,26160.5621875,24843.63796875
2020-12-15,26736.83984375,26605.5390625,26683.109375,26687.83984375,59300000,26687.83984375,26729.395703125,26234.4821875,24916.7967578125
2020-12-16,26874.98046875,26717.029296875,26835.58984375,26757.400390625,61300000,26757.400390625,26717.287890625,26308.554609375,24985.701953125
2020-12-17,26843.05078125,26676.279296875,26744.5,26806.669921875,61500000,26806.669921875,26727.373828125,26366.837421875,25053.1607421875
2020-12-18,26824.2890625,26707.30078125,26775.529296875,26763.390625,73800000,26763.390625,26749.548046875,26416.5378125,25119.9721484375
2020-12-21,26905.669921875,26533.630859375,26834.099609375,26714.419921875,60700000,26714.419921875,26745.944140625,26469.67984375,25181.319140625
2020-12-22,26639.990234375,26361.66015625,26559.330078125,26436.390625,58600000,26436.390625,26695.654296875,26490.85828125,25237.6531640625
2020-12-23,26585.2109375,26414.740234375,26580.4296875,26524.7890625,56000000,26524.7890625,26649.13203125,26511.265078125,25296.97515625
2020-12-24,26764.529296875,26605.259765625,26635.109375,26668.349609375,47900000,26668.349609375,26621.46796875,26548.8734375,25358.3065625
2020-12-25,26716.609375,26638.279296875,26708.099609375,26656.609375,33400000,26656.609375,26600.11171875,26589.76421875,25418.904140625
2020-12-28,26854.029296875,26664.599609375,26691.2890625,26854.029296875,50700000,26854.029296875,26628.03359375,26642.830625,25485.8401171875
2020-12-29,27602.51953125,26921.140625,26936.380859375,27568.150390625,59400000,27568.150390625,26854.385546875,26698.933046875,25568.9905078125
2020-12-30,27572.5703125,27338.560546875,27559.099609375,27444.169921875,50600000,27444.169921875,27038.26171875,26744.82546875,25644.4512890625
2021-01-04,27602.109375,27042.3203125,27575.5703125,27258.380859375,51500000,27258.380859375,27156.26796875,26773.66828125,25718.278125
2021-01-05,27279.779296875,27073.4609375,27151.380859375,27158.630859375,55000000,27158.630859375,27256.672265625,26794.225078125,25788.6615234375
2021-01-06,27196.400390625,27002.1796875,27102.849609375,27055.939453125,72700000,27055.939453125,27297.054296875,26819.117890625,25860.294921875
2021-01-07,27624.73046875,27340.4609375,27340.4609375,27490.130859375,98900000,27490.130859375,27281.450390625,26847.2215625,25939.7657421875
2021-01-08,28139.029296875,27667.75,27720.140625,28139.029296875,84900000,28139.029296875,27420.422265625,26900.743515625,26032.65953125
2021-01-12,28287.369140625,27899.44921875,28004.369140625,28164.33984375,78800000,28164.33984375,27601.6140625,26954.94234375,26126.2303125
2021-01-13,28503.4296875,28133.58984375,28140.099609375,28456.58984375,70900000,28456.58984375,27861.205859375,27023.156328125,26226.9919140625
2021-01-14,28979.529296875,28411.580078125,28442.73046875,28698.259765625,81900000,28698.259765625,28189.669921875,27109.189140625,26334.3183203125
2021-01-15,28820.5,28477.029296875,28777.470703125,28519.1796875,74100000,28519.1796875,28395.4796875,27191.273125,26445.159296875
2021-01-18,28349.970703125,28111.5390625,28238.6796875,28242.2109375,51900000,28242.2109375,28416.116015625,27248.243984375,26544.09390625
2021-01-19,28720.91015625,28373.33984375,28405.490234375,28633.4609375,58200000,28633.4609375,28509.940234375,27323.3328125,26642.858515625
2021-01-20,28801.189453125,28402.109375,28798.740234375,28523.259765625,69800000,28523.259765625,28523.27421875,27398.162421875,26731.218125
2021-01-21,28846.150390625,28677.609375,28710.41015625,28756.859375,67700000,28756.859375,28534.994140625,27479.13921875,26819.850703125
2021-01-22,28698.1796875,28527.16015625,28580.19921875,28631.44921875,66900000,28631.44921875,28557.448046875,27556.88359375,26895.682890625
2021-01-25,28822.2890625,28566.849609375,28698.890625,28822.2890625,57300000,28822.2890625,28673.463671875,27639.479140625,26974.016875
2021-01-26,28740.7109375,28527.810546875,28696.30078125,28546.1796875,63500000,28546.1796875,28656.007421875,27709.05953125,27037.9484765625
2021-01-27,28754.990234375,28542.0,28665.33984375,28635.2109375,69000000,28635.2109375,28678.39765625,27783.93234375,27100.235078125
2021-01-28,28360.48046875,27975.849609375,28169.26953125,28197.419921875,123900000,28197.419921875,28566.509765625,27843.25234375,27156.46609375
2021-01-29,28320.720703125,27629.80078125,28320.720703125,27663.390625,91700000,27663.390625,28372.898046875,27892.33234375,27191.5953125
2021-02-01,28107.099609375,27649.0703125,27649.0703125,28091.05078125,65700000,28091.05078125,28226.650390625,27954.9828125,27233.1239453125
2021-02-02,28379.310546875,28089.119140625,28207.48046875,28362.169921875,67500000,28362.169921875,28189.8484375,28022.735625,27285.80453125
2021-02-03,28669.94921875,28402.30078125,28482.7109375,28646.5,84000000,28646.5,28192.10625,28102.33125,27346.047734375
2021-02-04,28600.220703125,28325.890625,28557.4609375,28341.94921875,81100000,28341.94921875,28221.012109375,28161.848046875,27402.3393359375
2021-02-05,28785.7109375,28548.26953125,28631.4609375,28779.189453125,93200000,28779.189453125,28444.171875,28210.289609375,27454.611328125
2021-02-08,29400.560546875,28817.599609375,28831.580078125,29388.5,93600000,29388.5,28703.66171875,28288.0628125,27516.444140625
2021-02-09,29585.75,29350.48046875,29435.609375,29505.9296875,86900000,29505.9296875,28932.413671875,28377.964765625,27575.8165234375
2021-02-10,29562.9296875,29368.1796875,29412.55078125,29562.9296875,81100000,29562.9296875,29115.699609375,28474.13671875,27634.1808984375
2021-02-12,29650.509765625,29417.3203125,29635.880859375,29520.0703125,79800000,29520.0703125,29351.323828125,28572.701953125,27695.909921875
2021-02-15,30092.33984375,29662.41015625,29662.41015625,30084.150390625,70300000,30084.150390625,29612.316015625,28676.462734375,27761.8421484375
2021-02-16,30714.51953125,30191.650390625,30229.4609375,30467.75,81300000,30467.75,29828.166015625,28769.6115625,27835.1775390625
2021-02-17,30398.19921875,30191.009765625,30366.8203125,30292.189453125,74800000,30292.189453125,29985.41796875,28854.725546875,27904.8339453125
2021-02-18,30560.490234375,30140.009765625,30311.98046875,30236.08984375,77900000,30236.08984375,30120.05,28925.905546875,27974.5309375
2021-02-19,30169.58984375,29847.330078125,29970.58984375,30017.919921875,63700000,30017.919921875,30219.619921875,28978.691953125,28043.940546875
2021-02-22,30458.130859375,30089.1796875,30281.779296875,30156.029296875,62800000,30156.029296875,30233.995703125,29044.1659375,28117.71953125
2021-02-24,30089.58984375,29671.69921875,30020.109375,29671.69921875,79300000,29671.69921875,30074.785546875,29101.34546875,28174.7947265625
2021-02-25,30213.279296875,30044.4296875,30077.26953125,30168.26953125,70100000,30168.26953125,30050.0015625,29162.7378125,28243.0353125
2021-02-26,29760.310546875,28966.009765625,29753.73046875,28966.009765625,92900000,28966.009765625,29795.985546875,29180.4478125,28289.3051171875
2021-03-01,29686.390625,29396.0390625,29419.44921875,29663.5,62700000,29663.5,29725.1015625,29216.7134375,28347.926328125
2021-03-02,29996.390625,29314.8203125,29939.75,29408.169921875,70100000,29408.169921875,29575.5296875,29247.782265625,28402.3329296875
2021-03-03,29604.369140625,29336.599609375,29482.119140625,29559.099609375,68800000,29559.099609375,29553.009765625,29277.2546875,28458.3669140625
2021-03-04,29277.189453125,28711.0390625,29198.419921875,28930.109375,75200000,28930.109375,29305.377734375,29292.611875,28500.835703125
2021-03-05,28867.830078125,28308.5703125,28725.48046875,28864.3203125,85800000,28864.3203125,29285.03984375,29301.77625,28542.854296875
2021-03-08,29255.900390625,28644.259765625,29208.189453125,28743.25,92400000,28743.25,29100.98984375,29323.609453125,28583.4308984375
2021-03-09,29053.560546875,28609.2109375,28748.869140625,29027.939453125,96700000,29027.939453125,29024.94375,29378.19140625,28635.261875
2021-03-10,29233.470703125,28960.08984375,29118.279296875,29036.560546875,83000000,29036.560546875,28920.4359375,29416.011796875,28685.4973046875
2021-03-11,29255.419921875,28995.330078125,29033.919921875,29211.640625,78500000,29211.640625,28976.7421875,29449.990625,28736.363125
2021-03-12,29744.3203125,29210.400390625,29287.740234375,29717.830078125,96600000,29717.830078125,29147.444140625,29492.843828125,28797.5875390625
2021-03-15,29884.73046875,29670.310546875,29804.5,29766.970703125,94100000,29766.970703125,29352.18828125,29549.8446875,28855.8463671875
2021-03-16,30026.400390625,29755.470703125,29770.390625,29921.08984375,83800000,29921.08984375,29530.818359375,29595.520703125,28902.90515625
2021-03-17,29984.970703125,29825.16015625,29836.830078125,29914.330078125,74600000,29914.330078125,29706.372265625,29616.55390625,28952.308359375
2021-03-18,30485.0,30041.5,30148.48046875,30216.75,95400000,30216.75,29907.394140625,29644.98671875,29011.4757421875
2021-03-19,30049.76953125,29621.220703125,29904.5703125,29792.05078125,128500000,29792.05078125,29922.23828125,29654.1515625,29064.144140625
2021-03-22,29472.98046875,29107.630859375,29444.099609375,29174.150390625,78800000,29174.150390625,29803.67421875,29640.314765625,29106.508359375
2021-03-23,29496.830078125,28995.919921875,29381.490234375,28995.919921875,79200000,28995.919921875,29618.640234375,29596.785546875,29136.624140625
2021-03-24,28867.669921875,28379.060546875,28765.55078125,28405.51953125,96000000,28405.51953125,29316.878125,29514.296328125,29141.9539453125
2021-03-25,28821.830078125,28414.919921875,28457.330078125,28729.880859375,72800000,28729.880859375,29019.504296875,29451.803984375,29153.264765625
2021-03-26,29240.740234375,28953.220703125,29068.51953125,29176.69921875,73700000,29176.69921875,28896.433984375,29409.428359375,29167.666953125
2021-03-29,29578.369140625,29200.880859375,29478.119140625,29384.51953125,107900000,29384.51953125,28938.5078125,29384.09234375,29181.3921484375
2021-03-30,29478.19921875,29283.890625,29365.0390625,29432.69921875,79900000,29432.69921875,29025.863671875,29355.159140625,29199.6625390625
2021-03-31,29348.990234375,29165.51953125,29278.330078125,29178.80078125,82000000,29178.80078125,29180.519921875,29335.443203125,29218.3943359375
2021-04-01,29585.4609375,29318.8203125,29441.91015625,29388.869140625,75600000,29388.869140625,29312.317578125,29304.2671875,29233.5025
2021-04-02,29869.669921875,29694.08984375,29704.66015625,29854.0,57200000,29854.0,29447.777734375,29339.786796875,29260.1173046875
2021-04-05,30195.0,30024.25,30084.609375,30089.25,55400000,30089.25,29588.723828125,29356.816796875,29286.7651171875
2021-04-06,30208.890625,29665.859375,30208.890625,29696.630859375,65500000,29696.630859375,29641.51015625,29368.355234375,29308.06875
2021-04-07,29867.939453125,29523.55078125,29743.48046875,29730.7890625,61500000,29730.7890625,29751.9078125,29375.2228125,29326.23875
2021-04-08,29744.7890625,29516.419921875,29675.880859375,29708.98046875,62600000,29708.98046875,29815.930078125,29406.37765625,29349.494765625
2021-04-09,30064.349609375,29768.060546875,29865.529296875,29768.060546875,64900000,29768.060546875,29798.7421875,29442.527265625,29372.1517578125
2021-04-12,29876.0390625,29538.73046875,29874.4296875,29538.73046875,50200000,29538.73046875,29688.63828125,29474.346484375,29398.97796875
2021-04-13,29897.109375,29573.7890625,29605.689453125,29751.609375,54900000,29751.609375,29699.633984375,29503.29328125,29440.74234375
2021-04-14,29722.400390625,29567.1796875,29718.060546875,29620.990234375,57200000,29620.990234375,29677.67421875,29526.67046875,29471.3411328125
2021-04-15,29787.66015625,29558.55078125,29573.900390625,29642.689453125,50600000,29642.689453125,29664.416015625,29543.912421875,29496.9515234375
2021-04-16,29789.080078125,29621.830078125,29789.080078125,29683.369140625,49100000,29683.369140625,29647.477734375,29542.533984375,29517.68890625
2021-04-19,29808.009765625,29530.83984375,29688.3203125,29685.369140625,44700000,29685.369140625,29676.80546875,29539.269921875,29544.5573046875
2021-04-20,29361.279296875,29014.359375,29355.869140625,29100.380859375,59900000,29100.380859375,29546.559765625,29506.4415625,29550.9811328125
2021-04-21,28778.9296875,28419.83984375,28660.359375,28508.55078125,71000000,28508.55078125,29324.071875,29450.210390625,29533.3821484375
2021-04-22,29192.390625,28800.859375,28880.779296875,29188.169921875,55100000,29188.169921875,29233.16796875,29409.0671875,29527.026953125
2021-04-23,29035.33984375,28770.619140625,28939.119140625,29020.630859375,47500000,29020.630859375,29100.6203125,29378.210390625,29516.1809765625
2021-04-26,29241.279296875,28896.369140625,29095.490234375,29126.23046875,49200000,29126.23046875,28988.792578125,29376.29359375,29508.3041796875
2021-04-27,29187.109375,28990.189453125,29174.529296875,28991.890625,59400000,28991.890625,28967.09453125,29376.132421875,29486.458984375
2021-04-28,29139.69921875,28875.91015625,28935.509765625,29053.970703125,61400000,29053.970703125,29076.178515625,29402.07046875,29458.1833984375
2021-04-30,29046.490234375,28760.26953125,28996.66015625,28812.630859375,78400000,28812.630859375,29001.070703125,29405.38046875,29428.5922265625
2021-05-06,29430.220703125,28966.470703125,29024.009765625,29331.369140625,94300000,29331.369140625,29063.218359375,29411.567265625,29410.4978125
2021-05-07,29449.859375,29237.359375,29330.44921875,29357.8203125,67500000,29357.8203125,29109.536328125,29410.499296875,29397.2958203125
2021-05-10,29685.41015625,29346.140625,29376.890625,29518.33984375,66300000,29518.33984375,29214.826171875,29413.924921875,29384.54203125
2021-05-11,29289.119140625,28535.359375,29238.560546875,28608.58984375,73200000,28608.58984375,29125.75,29391.116484375,29363.27984375
2021-05-12,28831.029296875,27888.58984375,28712.099609375,28147.509765625,90000000,28147.509765625,28992.72578125,29341.462109375,29322.8646484375
2021-05-13,27961.9609375,27385.029296875,27929.009765625,27448.009765625,80500000,27448.009765625,28616.05390625,29245.2225,29292.5046484375
2021-05-14,28139.9609375,27723.69921875,27723.69921875,28084.470703125,73500000,28084.470703125,28361.383984375,29165.031328125,29260.9240625
2021-05-17,28312.779296875,27632.529296875,28310.4609375,27824.830078125,63900000,27824.830078125,28022.68203125,29090.159296875,29229.257265625
2021-05-18,28481.169921875,27931.5703125,27931.5703125,28406.83984375,74700000,28406.83984375,27982.33203125,29037.201328125,29206.2120703125
2021-05-19,28216.650390625,27842.98046875,28031.220703125,28044.44921875,68700000,28044.44921875,27961.719921875,28970.620078125,29188.4988671875
2021-05-20,28176.869140625,27821.9609375,27875.5,28098.25,56800000,28098.25,28091.76796875,28903.82765625,29173.1774609375
2021-05-21,28411.560546875,28193.029296875,28269.609375,28317.830078125,58700000,28317.830078125,28138.43984375,28854.991640625,29164.6690625
2021-05-24,28584.1796875,28212.3203125,28212.3203125,28364.609375,54700000,28364.609375,28246.395703125,28799.511640625,29151.4024609375
2021-05-25,28576.970703125,28443.740234375,28516.990234375,28553.98046875,54000000,28553.98046875,28275.823828125,28756.83125,29141.750859375
2021-05-26,28710.830078125,28396.619140625,28396.619140625,28642.189453125,64200000,28642.189453125,28395.371875,28716.81125,29130.3618359375
2021-05-27,28587.2109375,28360.560546875,28543.3203125,28549.009765625,138200000,28549.009765625,28485.523828125,28671.436875,29106.9854296875
2021-05-28,29194.109375,28899.66015625,28912.5390625,29149.41015625,80600000,29149.41015625,28651.83984375,28649.998515625,29094.63421875
2021-05-31,29147.7109375,28791.599609375,29019.44921875,28860.080078125,53800000,28860.080078125,28750.933984375,28640.386484375,29073.4140234375
2021-06-01,29075.470703125,28611.25,28998.650390625,28814.33984375,47400000,28814.33984375,28803.005859375,28652.618046875,29051.41421875
2021-06-02,29003.55078125,28565.830078125,28730.810546875,28946.140625,71000000,28946.140625,28863.79609375,28642.936875,29026.00203125
2021-06-03,29157.16015625,28879.150390625,28890.390625,29058.109375,58500000,29058.109375,28965.616015625,28644.436015625,29011.323203125
2021-06-04,28991.240234375,28764.6796875,28901.419921875,28941.51953125,55800000,28941.51953125,28924.037890625,28637.047578125,29006.6705859375
2021-06-07,29241.19921875,28973.05078125,29214.0,29019.240234375,51000000,29019.240234375,28955.869921875,28638.1415625,29007.1369921875
2021-06-08,29140.6796875,28897.640625,29046.029296875,28963.560546875,50400000,28963.560546875,28985.7140625,28634.52515625,29018.2978125
2021-06-09,28932.029296875,28801.830078125,28901.560546875,28860.80078125,50400000,28860.80078125,28968.64609375,28636.451953125,29020.9162109375
2021-06-10,29007.529296875,28799.740234375,28799.740234375,28958.560546875,53300000,28958.560546875,28948.736328125,28621.539609375,29016.5534375
2021-06-11,29080.890625,28839.5390625,29030.0390625,28948.73046875,71100000,28948.73046875,28950.178515625,28605.176015625,29007.83765625
2021-06-14,29208.349609375,29026.26953125,29153.109375,29161.80078125,45000000,29161.80078125,28978.690625,28590.914453125,29002.4196875
2021-06-15,29480.849609375,29235.7109375,29256.029296875,29441.30078125,53000000,29441.30078125,29074.238671875,28624.222890625,29007.6696875
2021-06-16,29434.099609375,29263.720703125,29306.140625,29291.009765625,52400000,29291.009765625,29160.28046875,28669.962890625,29005.7125
2021-06-17,29197.6796875,28875.390625,29149.33984375,29018.330078125,56900000,29018.330078125,29172.234375,28732.775703125,28988.9991015625
2021-06-18,29136.740234375,28957.98046875,29136.740234375,28964.080078125,90200000,28964.080078125,29175.304296875,28767.960078125,28966.495703125
2021-06-21,28506.83984375,27795.859375,28506.83984375,28010.9296875,75800000,28010.9296875,28945.130078125,28775.4040625,28932.7816796875
2021-06-22,28895.259765625,28494.4609375,28513.0703125,28884.130859375,67800000,28884.130859375,28833.69609375,28794.495703125,28915.848515625
2021-06-23,29007.830078125,28860.060546875,28886.919921875,28874.890625,51100000,28874.890625,28750.472265625,28827.713359375,28899.16671875
2021-06-24,28935.33984375,28758.369140625,28811.8203125,28875.23046875,44600000,28875.23046875,28721.85234375,28858.792578125,28881.3101171875
2021-06-25,29174.169921875,28992.740234375,29137.30078125,29066.1796875,51600000,29066.1796875,28742.272265625,28888.7265625,28871.8591015625
2021-06-28,29121.279296875,28984.9296875,29112.66015625,29048.01953125,47700000,29048.01953125,28949.690234375,28916.06296875,28857.7873046875
2021-06-29,28951.6796875,28735.55078125,28927.439453125,28812.609375,59700000,28812.609375,28935.3859375,28926.408125,28841.6196875
2021-06-30,28998.990234375,28779.759765625,28896.310546875,28791.529296875,54000000,28791.529296875,28918.713671875,28932.38171875,28824.596484375
2021-07-01,28833.169921875,28624.80078125,28832.41015625,28707.0390625,45900000,28707.0390625,28885.075390625,28938.702890625,28805.0698828125
2021-07-02,28849.3203125,28688.630859375,28719.240234375,28783.279296875,47500000,28783.279296875,28828.4953125,28924.05765625,28787.0280859375
2021-07-05,28731.0703125,28581.080078125,28709.5703125,28598.189453125,38500000,28598.189453125,28738.529296875,28913.58203125,28776.9842578125
2021-07-06,28748.23046875,28587.609375,28677.94921875,28643.2109375,41700000,28643.2109375,28704.649609375,28906.736875,28779.6774609375
2021-07-07,28434.990234375,28161.75,28262.400390625,28366.94921875,60300000,28366.94921875,28619.73359375,28883.56921875,28763.253046875
2021-07-08,28366.759765625,28118.029296875,28332.630859375,28118.029296875,62200000,28118.029296875,28501.931640625,28845.966015625,28745.201015625
2021-07-09,28000.01953125,27419.400390625,27739.419921875,27940.419921875,82300000,27940.419921875,28333.359765625,28805.92203125,28721.4848046875
2021-07-12,28595.119140625,28405.599609375,28412.69921875,28569.01953125,55500000,28569.01953125,28327.52578125,28787.913203125,28713.0273828125
2021-07-13,28852.310546875,28699.0390625,28713.8203125,28718.240234375,49800000,28718.240234375,28342.531640625,28778.100390625,28706.3127734375
2021-07-14,28696.80078125,28482.8203125,28517.310546875,28608.490234375,54800000,28608.490234375,28390.83984375,28768.00796875,28702.2299609375
2021-07-15,28571.720703125,28240.2109375,28539.3203125,28279.08984375,53200000,28279.08984375,28423.051953125,28740.829140625,28681.184375
2021-07-16,28201.30078125,27847.349609375,28039.259765625,28003.080078125,50400000,28003.080078125,28435.583984375,28703.003125,28654.0895703125
2021-07-19,27792.51953125,27493.630859375,27663.400390625,27652.740234375,49900000,27652.740234375,28252.328125,28642.640703125,28616.777578125
2021-07-20,27564.51953125,27330.150390625,27351.80078125,27388.16015625,63000000,27388.16015625,27986.312109375,28560.515078125,28592.368984375
2021-07-21,27882.4296875,27438.0703125,27747.060546875,27548.0,51400000,27548.0,27774.2140625,28490.7946875,28580.3787890625
2021-07-26,28036.470703125,27786.439453125,27990.470703125,27833.2890625,54500000,27833.2890625,27685.05390625,28443.393046875,28588.084375
2021-07-27,28036.23046875,27862.689453125,27911.9296875,27970.220703125,51700000,27970.220703125,27678.48203125,28403.638671875,28585.799375
2021-07-28,27809.859375,27466.990234375,27674.990234375,27581.66015625,57100000,27581.66015625,27664.266015625,28386.467890625,28580.9359765625
2021-07-29,27798.05078125,27663.41015625,27722.609375,27782.419921875,67800000,27782.419921875,27743.11796875,28342.399453125,28568.447578125
2021-07-30,27699.349609375,27272.490234375,27677.890625,27283.58984375,70600000,27283.58984375,27690.2359375,28278.747421875,28553.230390625
2021-08-02,27834.599609375,27493.3203125,27493.3203125,27781.01953125,60100000,27781.01953125,27679.78203125,28234.978984375,28546.88578125
2021-08-03,27724.44921875,27492.400390625,27580.029296875,27641.830078125,57900000,27641.830078125,27614.10390625,28178.005,28533.36578125
2021-08-04,27636.33984375,27488.740234375,27612.900390625,27584.080078125,67500000,27584.080078125,27614.587890625,28119.447421875,28517.7551953125
2021-08-05,27741.55078125,27526.669921875,27526.669921875,27728.119140625,55900000,27728.119140625,27603.727734375,28076.0678125,28501.23796875
2021-08-06,27888.869140625,27709.220703125,27709.220703125,27820.0390625,56400000,27820.0390625,27711.017578125,28037.208203125,28484.7949609375
2021-08-10,28128.609375,27808.5390625,27887.029296875,27888.150390625,61400000,27888.150390625,27732.44375,28004.45265625,28471.5777734375
2021-08-11,28146.6796875,27974.990234375,28045.83984375,28070.509765625,67100000,28070.509765625,27818.1796875,27975.941875,28449.999765625
2021-08-12,28279.80078125,28006.310546875,28177.19921875,28015.01953125,57900000,28015.01953125,27904.367578125,27952.615078125,28433.0985546875
2021-08-13,28070.0,27949.330078125,28038.9609375,27977.150390625,55800000,27977.150390625,27954.173828125,27925.97265625,28416.354765625
2021-08-16,27833.2109375,27427.380859375,27806.109375,27523.189453125,57200000,27523.189453125,27894.80390625,27892.222265625,28387.8957421875
2021-08-17,27750.390625,27424.470703125,27666.939453125,27424.470703125,49600000,27424.470703125,27802.06796875,27864.479921875,28355.22296875
2021-08-18,27671.5703125,27347.76953125,27418.080078125,27585.91015625,50100000,27585.91015625,27705.148046875,27850.29953125,28328.11078125
2021-08-19,27504.80078125,27255.580078125,27398.580078125,27281.169921875,65100000,27281.169921875,27558.378125,27798.785546875,28293.349375
2021-08-20,27316.7890625,26954.810546875,27238.44921875,27013.25,75800000,27013.25,27365.598046875,27730.5859375,28254.3431640625
2021-08-23,27541.630859375,27193.099609375,27193.099609375,27494.240234375,56800000,27494.240234375,27359.808203125,27686.0159375,28227.011953125
2021-08-24,27817.890625,27653.23046875,27653.23046875,27732.099609375,57100000,27732.099609375,27421.333984375,27664.136328125,28202.482734375
2021-08-25,27897.720703125,27684.05078125,27768.130859375,27724.80078125,51500000,27724.80078125,27449.112109375,27653.00515625,28178.004140625
2021-08-26,27828.279296875,27684.5,27793.630859375,27742.2890625,48500000,27742.2890625,27541.3359375,27656.587109375,28149.61390625
2021-08-27,27670.66015625,27481.23046875,27581.240234375,27641.140625,49200000,27641.140625,27666.9140625,27666.706328125,28113.610703125
2021-08-30,27921.55078125,27656.630859375,27867.599609375,27789.2890625,58600000,27789.2890625,27725.923828125,27676.357890625,28083.5762890625
2021-08-31,28158.94921875,27602.2109375,27690.76953125,28089.5390625,75900000,28089.5390625,27797.41171875,27686.607890625,28065.00046875
2021-09-01,28457.669921875,28179.0390625,28179.0390625,28451.01953125,64800000,28451.01953125,27942.65546875,27705.83984375,28054.7392578125
2021-09-02,28626.19921875,28412.91015625,28522.4609375,28543.509765625,60100000,28543.509765625,28102.899609375,27744.313828125,28065.390859375
2021-09-03,29149.650390625,28607.869140625,28626.48046875,29128.109375,74900000,29128.109375,28400.293359375,27798.14140625,28070.2704296875
2021-09-06,29705.0390625,29469.349609375,29501.220703125,29659.890625,68300000,29659.890625,28774.413671875,27893.1934375,28085.9704296875
2021-09-07,30048.23046875,29838.4296875,29883.919921875,29916.140625,75200000,29916.140625,29139.733984375,27978.59828125,28106.7886328125
2021-09-08,30241.869140625,29787.130859375,29819.55078125,30181.2109375,82500000,30181.2109375,29485.772265625,28080.173515625,28129.0892578125
2021-09-09,30097.560546875,29909.919921875,29959.2109375,30008.189453125,78800000,30008.189453125,29778.708203125,28177.137890625,28148.29265625
2021-09-10,30381.83984375,30064.01953125,30089.44921875,30381.83984375,88800000,30381.83984375,30029.454296875,28283.28671875,28179.677265625
2021-09-13,30447.369140625,30229.009765625,30372.01953125,30447.369140625,64600000,30447.369140625,30186.95,28388.379921875,28212.7940625
2021-09-14,30795.779296875,30504.810546875,30584.76953125,30670.099609375,79100000,30670.099609375,30337.741796875,28499.657890625,28252.0552734375
2021-09-15,30573.41015625,30347.30078125,30464.169921875,30511.7109375,68600000,30511.7109375,30403.841796875,28597.3059375,28286.62390625
2021-09-16,30622.390625,30202.509765625,30606.150390625,30323.33984375,69900000,30323.33984375,30466.871875,28689.63875,28321.1269140625
2021-09-17,30541.990234375,30358.9296875,30387.5390625,30500.05078125,97900000,30500.05078125,30490.5140625,28790.554765625,28358.2637109375
2021-09-21,30051.0,29832.51953125,30021.25,29839.7109375,76300000,29839.7109375,30368.982421875,28883.215625,28387.7189453125
2021-09-22,29868.099609375,29573.880859375,29744.73046875,29639.400390625,69000000,29639.400390625,30162.842578125,28971.8128125,28418.1463671875
2021-09-24,30276.380859375,30110.30078125,30141.609375,30248.810546875,84600000,30248.810546875,30110.2625,29078.328828125,28464.3141796875
2021-09-27,30414.609375,30197.400390625,30277.8203125,30240.060546875,74600000,30240.060546875,30093.606640625,29196.684453125,28497.735
2021-09-28,30207.630859375,30001.990234375,30142.380859375,30183.9609375,89800000,30183.9609375,30030.388671875,29323.512890625,28527.0494140625
2021-09-29,29679.259765625,29329.16015625,29611.919921875,29544.2890625,94700000,29544.2890625,29971.304296875,29405.51484375,28545.765390625
2021-09-30,29622.26953125,29311.33984375,29569.189453125,29452.66015625,99000000,29452.66015625,29933.95625,29474.337265625,28569.236796875
2021-10-01,29393.669921875,28680.73046875,29235.109375,28771.0703125,82200000,28771.0703125,29638.408203125,29516.188046875,28584.5966015625
2021-10-04,29046.060546875,28343.580078125,29044.470703125,28444.890625,76400000,28444.890625,29279.37421875,29544.292109375,28600.439609375
2021-10-05,28058.669921875,27460.2890625,28050.390625,27822.119140625,88200000,27822.119140625,28807.005859375,29551.53125,28609.1187890625
2021-10-06,28209.8203125,27293.619140625,28033.91015625,27528.869140625,100200000,27528.869140625,28403.921875,29541.114453125,28608.736171875
2021-10-07,28015.109375,27607.970703125,27665.970703125,27678.2109375,79600000,27678.2109375,28049.03203125,29524.661328125,28605.634609375
2021-10-08,28321.349609375,28018.890625,28031.369140625,28048.939453125,82700000,28048.939453125,27904.605859375,29508.578125,28607.208984375
2021-10-11,28581.359375,27893.3203125,27977.5703125,28498.19921875,72300000,28498.19921875,27915.267578125,29506.765703125,28625.539765625
2021-10-12,28468.880859375,28166.380859375,28458.880859375,28230.609375,66300000,28230.609375,27996.965625,29470.865703125,28634.5035546875
2021-10-13,28364.990234375,27993.4609375,28085.439453125,28140.279296875,63900000,28140.279296875,28119.24765625,29410.08125,28651.63734375
2021-10-14,28576.6796875,28234.009765625,28264.41015625,28550.9296875,64800000,28550.9296875,28293.79140625,29355.4728125,28667.035546875
2021-10-15,29082.349609375,28726.220703125,28787.259765625,29068.630859375,66300000,29068.630859375,28497.7296875,29310.969609375,28695.5715625
2021-10-18,29144.330078125,28924.400390625,29093.8203125,29025.4609375,62600000,29025.4609375,28603.18203125,29271.66046875,28724.3991796875
2021-10-19,29272.490234375,29075.369140625,29117.279296875,29215.51953125,57600000,29215.51953125,28800.1640625,29225.00765625,28754.1471875
2021-10-20,29489.109375,29222.3203125,29385.94921875,29255.55078125,66100000,29255.55078125,29023.218359375,29177.334921875,28782.857421875
2021-10-21,29220.8203125,28688.779296875,29152.740234375,28708.580078125,59100000,28708.580078125,29054.7484375,29098.874140625,28799.266015625
2021-10-22,28989.5,28546.5703125,28578.529296875,28804.849609375,60200000,28804.849609375,29001.9921875,29030.5996875,28813.9528125
2021-10-25,28668.69921875,28472.55078125,28527.130859375,28600.41015625,62700000,28600.41015625,28916.98203125,28961.6825,28825.660625
2021-10-26,29160.759765625,28893.94921875,28927.609375,29106.009765625,72800000,29106.009765625,28895.080078125,28905.920859375,28848.2378125
2021-10-27,29139.220703125,28870.25,29056.009765625,29098.240234375,70600000,29098.240234375,28863.61796875,28876.26203125,28879.738828125
2021-10-28,28895.109375,28693.060546875,28871.609375,28820.08984375,142800000,28820.08984375,28885.919921875,28843.489609375,28907.6512109375
2021-10-29,29000.650390625,28475.060546875,28819.16015625,28892.689453125,104500000,28892.689453125,28903.487890625,28789.244765625,28933.786796875
2021-11-01,29666.830078125,29267.630859375,29330.6796875,29647.080078125,76700000,29647.080078125,29112.821875,28765.525546875,28981.105
2021-11-02,29599.5703125,29457.1796875,29462.400390625,29520.900390625,71100000,29520.900390625,29195.8,28739.003125,29031.2580078125
2021-11-04,29880.810546875,29718.779296875,29859.740234375,29794.369140625,90400000,29794.369140625,29335.02578125,28749.006328125,29077.2605859375
2021-11-05,29840.73046875,29504.0703125,29840.73046875,29611.5703125,73500000,29611.5703125,29493.321875,28755.362734375,29114.85
2021-11-08,29735.44921875,29507.05078125,29735.44921875,29507.05078125,68300000,29507.05078125,29616.194140625,28784.801953125,29150.495
2021-11-09,29750.4609375,29240.310546875,29557.55078125,29285.4609375,65000000,29285.4609375,29543.8703125,28818.424765625,29181.3584375
2021-11-10,29296.880859375,29079.76953125,29209.060546875,29106.779296875,63900000,29106.779296875,29461.04609375,28869.811171875,29210.6712109375
2021-11-11,29336.029296875,29040.080078125,29046.189453125,29277.859375,60600000,29277.859375,29357.744140625,28939.77078125,29240.4426171875
2021-11-12,29661.220703125,29381.44921875,29381.44921875,29609.970703125,68400000,29609.970703125,29357.42421875,29017.041171875,29270.85125
2021-11-15,29861.880859375,29718.2109375,29807.369140625,29776.80078125,60400000,29776.80078125,29411.37421875,29086.155625,29297.366875
2021-11-16,29960.9296875,29681.25,29749.7109375,29808.119140625,62000000,29808.119140625,29515.905859375,29138.552421875,29322.6590625
2021-11-17,29909.970703125,29623.7890625,29906.6796875,29688.330078125,63900000,29688.330078125,29632.216015625,29196.86125,29333.8634765625
2021-11-18,29715.94921875,29402.5703125,29597.9296875,29598.66015625,65400000,29598.66015625,29696.376171875,29255.196484375,29332.6388671875
2021-11-19,29768.5390625,29589.189453125,29641.05078125,29745.869140625,65600000,29745.869140625,29723.555859375,29302.9940625,29329.2334375
2021-11-22,29806.490234375,29542.2890625,29618.55078125,29774.109375,58800000,29774.109375,29723.017578125,29331.213203125,29321.09140625
2021-11-24,29758.05078125,29212.9296875,29663.44921875,29302.66015625,69500000,29302.66015625,29621.92578125,29342.301171875,29306.9808203125
2021-11-25,29570.419921875,29444.44921875,29469.650390625,29499.279296875,50700000,29499.279296875,29584.115625,29353.6515625,29289.329609375
2021-11-26,29332.990234375,28605.609375,29324.470703125,28751.619140625,72900000,28751.619140625,29414.707421875,29333.494296875,29255.414609375
2021-11-29,28776.33984375,28187.119140625,28337.9609375,28283.919921875,85900000,28283.919921875,29122.317578125,29316.507890625,29207.691015625
2021-11-30,28718.69921875,27819.140625,28611.73046875,27821.759765625,140700000,27821.759765625,28731.84765625,29277.184296875,29153.8919921875
2021-12-01,28106.30078125,27594.009765625,27866.73046875,27935.619140625,80900000,27935.619140625,28458.439453125,29250.59265625,29106.137578125
2021-12-02,27938.55078125,27644.9609375,27716.19921875,27753.369140625,77400000,27753.369140625,28109.257421875,29196.48703125,29051.2039453125
2021-12-03,28029.5703125,27588.609375,27841.05078125,28029.5703125,71900000,28029.5703125,27964.84765625,29153.740234375,29015.0011328125
2021-12-06,28081.0390625,27693.91015625,28069.9609375,27927.369140625,61700000,27927.369140625,27893.5375,29118.03140625,28980.7605078125
2021-12-07,28618.4609375,27961.66015625,28138.8203125,28455.599609375,78300000,28455.599609375,28020.30546875,29100.5478125,28944.8962890625
2021-12-08,28897.439453125,28621.470703125,28792.890625,28860.619140625,72000000,28860.619140625,28205.30546875,29069.089375,28917.3074609375
2021-12-09,28908.2890625,28725.470703125,28827.3203125,28725.470703125,54400000,28725.470703125,28399.72578125,29037.2721875,28888.13765625
2021-12-10,28699.009765625,28392.869140625,28542.5,28437.76953125,63400000,28437.76953125,28481.365625,28983.008203125,28866.007265625
2021-12-13,28793.3203125,28593.44921875,28705.259765625,28640.490234375,53500000,28640.490234375,28623.98984375,28944.165,28849.7638671875
2021-12-14,28672.9609375,28309.669921875,28554.859375,28432.640625,55200000,28432.640625,28619.398046875,28901.18859375,28842.9952734375
2021-12-15,28525.830078125,28358.470703125,28358.470703125,28459.720703125,55900000,28459.720703125,28539.218359375,28868.158984375,28843.291875
2021-12-16,29070.080078125,28782.189453125,28868.369140625,29066.3203125,60300000,29066.3203125,28607.38828125,28866.540625,28868.1758984375
2021-12-17,28904.939453125,28503.080078125,28854.599609375,28545.6796875,84400000,28545.6796875,28628.9703125,28837.2534375,28888.512109375
2021-12-20,28441.509765625,27893.1796875,28325.4609375,27937.810546875,65200000,27937.810546875,28488.434375,28770.36703125,28893.7041015625
2021-12-21,28533.740234375,28226.4296875,28309.599609375,28517.58984375,55800000,28517.58984375,28505.42421875,28719.99859375,28903.077109375
2021-12-22,28673.76953125,28473.849609375,28614.060546875,28562.2109375,44700000,28562.2109375,28525.922265625,28670.162265625,28904.35734375
2021-12-23,28798.369140625,28640.150390625,28703.009765625,28798.369140625,43600000,28798.369140625,28472.33203125,28634.563828125,28915.7125390625
2021-12-24,28870.130859375,28773.5,28836.05078125,28782.58984375,35900000,28782.58984375,28519.7140625,28601.921015625,28928.55875
2021-12-27,28805.279296875,28658.8203125,28786.330078125,28676.4609375,37500000,28676.4609375,28667.444140625,28559.1446875,28931.069375
2021-12-28,29121.009765625,28879.6796875,28953.3203125,29069.16015625,47000000,29069.16015625,28777.758203125,28530.94671875,28931.0799609375
2021-12-29,29106.279296875,28729.609375,28995.73046875,28906.880859375,44700000,28906.880859375,28846.6921875,28515.115546875,28928.708359375
2021-12-30,28904.419921875,28579.490234375,28794.240234375,28791.7109375,40400000,28791.7109375,28845.360546875,28486.8128125,28920.2321875
2022-01-04,29323.7890625,28954.560546875,29098.41015625,29301.7890625,66000000,29301.7890625,28949.200390625,28508.819609375,28921.156953125
2022-01-05,29388.16015625,29204.44921875,29288.80078125,29332.16015625,78600000,29332.16015625,29080.340234375,28550.74921875,28933.6285546875
2022-01-06,29158.94921875,28487.869140625,29136.75,28487.869140625,71600000,28487.869140625,28964.08203125,28577.39359375,28927.2889453125
2022-01-07,28813.08984375,28293.69921875,28711.529296875,28478.560546875,75200000,28478.560546875,28878.41796875,28599.11125,28924.851953125
2022-01-11,28473.470703125,28089.490234375,28380.900390625,28222.48046875,73700000,28222.48046875,28764.571875,28617.875703125,28907.1813671875
2022-01-12,28814.310546875,28427.599609375,28449.529296875,28765.66015625,72500000,28765.66015625,28657.34609375,28647.319296875,28900.529765625
2022-01-13,28660.44921875,28444.9609375,28658.220703125,28489.130859375,69900000,28489.130859375,28488.740234375,28669.789765625,28893.9105859375
2022-01-14,28252.9609375,27889.2109375,28246.990234375,28124.279296875,82100000,28124.279296875,28416.022265625,28656.536953125,28878.5423828125
2022-01-17,28449.990234375,28274.1796875,28332.720703125,28333.51953125,54500000,28333.51953125,28387.0140625,28635.45296875,28852.271171875
2022-01-18,28690.33984375,28129.66015625,28451.33984375,28257.25,71300000,28257.25,28393.96796875,28616.724140625,28826.9981640625
2022-01-19,27958.169921875,27314.41015625,27928.890625,27467.23046875,84300000,27467.23046875,28134.28203125,28577.902578125,28780.455390625
2022-01-20,27882.529296875,27217.58984375,27401.4296875,27772.9296875,74000000,27772.9296875,27991.041796875,28543.20015625,28743.682578125
2022-01-21,27586.419921875,27129.609375,27404.359375,27522.259765625,72700000,27522.259765625,27870.637890625,28506.784921875,28703.9867578125
2022-01-24,27627.599609375,27203.330078125,27258.44921875,27588.369140625,61000000,27588.369140625,27721.6078125,28471.930859375,28670.044921875
2022-01-25,27493.75,26890.939453125,27466.8203125,27131.33984375,77000000,27131.33984375,27496.42578125,28394.531640625,28630.5361328125
2022-01-26,27184.5390625,26858.6796875,27105.98046875,27011.330078125,60500000,27011.330078125,27405.245703125,28333.15765625,28585.205546875
2022-01-27,27193.58984375,26044.51953125,27139.880859375,26170.30078125,88700000,26170.30078125,27084.719921875,28262.457265625,28516.4121484375
2022-01-28,26764.849609375,26289.689453125,26429.849609375,26717.33984375,76000000,26717.33984375,26923.7359375,28190.447265625,28455.2229296875
2022-01-31,27134.5703125,26541.650390625,26690.599609375,27001.98046875,78300000,27001.98046875,26806.458203125,28128.038046875,28399.10015625
2022-02-01,27410.7890625,27016.7109375,27167.140625,27078.48046875,81100000,27078.48046875,26795.886328125,28059.2425,28346.9031640625
2022-02-02,27564.619140625,27289.16015625,27302.990234375,27533.599609375,85200000,27533.599609375,26900.340234375,28009.282890625,28305.601953125
2022-02-03,27357.330078125,27165.9296875,27330.9609375,27241.310546875,81100000,27241.310546875,27114.5421875,27951.876875,28255.51078125
2022-02-04,27455.98046875,27075.990234375,27095.900390625,27439.990234375,79600000,27439.990234375,27259.072265625,27886.710078125,28208.8283984375
2022-02-07,27369.6796875,27085.3203125,27327.630859375,27248.869140625,77100000,27248.869140625,27308.45,27820.389609375,28167.752578125
2022-02-08,27461.330078125,27280.25,27318.30078125,27284.51953125,76600000,27284.51953125,27349.6578125,27760.101953125,28123.4573828125
2022-02-09,27633.099609375,27405.880859375,27488.650390625,27579.869140625,93500000,27579.869140625,27358.91171875,27691.22515625,28100.0223828125
2022-02-10,27880.69921875,27575.0703125,27818.099609375,27696.080078125,82900000,27696.080078125,27449.865625,27625.781953125,28088.2655859375
2022-02-14,27325.5,26947.650390625,27305.919921875,27079.58984375,79800000,27079.58984375,27377.785546875,27569.45078125,28073.4221875
2022-02-15,27205.19921875,26724.91015625,27183.560546875,26865.189453125,76200000,26865.189453125,27301.049609375,27504.9159375,28052.01359375
2022-02-16,27486.08984375,27227.240234375,27269.05078125,27460.400390625,64100000,27460.400390625,27336.22578125,27474.432734375,28046.15421875
2022-02-17,27438.740234375,27080.919921875,27431.419921875,27232.869140625,67800000,27232.869140625,27266.82578125,27413.12109375,28030.2201953125
2022-02-18,27216.16015625,26792.5390625,26895.16015625,27122.0703125,63500000,27122.0703125,27152.023828125,27358.438671875,28014.11421875
2022-02-21,26998.470703125,26549.0,26771.580078125,26910.869140625,52900000,26910.869140625,27118.2796875,27309.902265625,27983.219609375
2022-02-22,26550.140625,26243.73046875,26515.44921875,26449.609375,67300000,26449.609375,27035.163671875,27234.545859375,27934.9994140625
2022-02-24,26357.580078125,25775.640625,26281.349609375,25970.8203125,93500000,25970.8203125,26737.24765625,27143.088671875,27879.90640625
2022-02-25,26481.599609375,26160.189453125,26213.19921875,26476.5,77600000,26476.5,26585.973828125,27103.459453125,27840.681015625
2022-02-28,26644.560546875,26262.630859375,26457.51953125,26526.8203125,91100000,26526.8203125,26466.923828125,27053.615078125,27798.4076171875
2022-03-01,27013.259765625,26821.75,26836.740234375,26844.720703125,74000000,26844.720703125,26453.694140625,27026.513515625,27766.64921875
2022-03-02,26585.30078125,26313.720703125,26532.19921875,26393.029296875,87700000,26393.029296875,26442.378125,26978.699921875,27725.315390625
2022-03-03,26704.849609375,26496.720703125,26628.869140625,26577.26953125,74800000,26577.26953125,26563.66796875,26956.537109375,27675.534375
2022-03-04,26421.849609375,25774.279296875,26421.849609375,25985.470703125,93500000,25985.470703125,26465.462109375,26915.502734375,27624.3301953125
2022-03-07,25640.41015625,25006.259765625,25634.08984375,25221.41015625,105400000,25221.41015625,26204.380078125,26877.547109375,27570.0021875
2022-03-08,25291.330078125,24767.330078125,24974.349609375,24790.94921875,114700000,24790.94921875,25793.62578125,26800.491484375,27495.469375
2022-03-09,25084.080078125,24681.740234375,24876.490234375,24717.529296875,91500000,24717.529296875,25458.52578125,26709.1134375,27418.5757421875
2022-03-10,25720.310546875,25099.849609375,25108.470703125,25690.400390625,95200000,25690.400390625,25281.151953125,26653.590234375,27356.4163671875
2022-03-11,25503.650390625,24966.5,25495.029296875,25162.779296875,89600000,25162.779296875,25116.613671875,26558.757421875,27284.02015625
2022-03-14,25631.009765625,25299.640625,25338.640625,25307.849609375,72600000,25307.849609375,25133.9015625,26481.418984375,27216.6479296875
2022-03-15,25441.669921875,25219.130859375,25228.529296875,25346.48046875,73200000,25346.48046875,25245.0078125,26397.67859375,27142.1943359375
2022-03-16,25824.939453125,25470.4609375,25574.900390625,25762.009765625,82300000,25762.009765625,25453.90390625,26338.20421875,27079.2969140625
2022-03-17,26702.939453125,26152.890625,26170.380859375,26652.890625,89600000,26652.890625,25646.401953125,26312.9390625,27036.5205078125
2022-03-18,26862.4296875,26592.98046875,26649.5,26827.4296875,108200000,26827.4296875,25979.33203125,26282.841484375,26987.0333203125
2022-03-22,27284.470703125,27076.330078125,27091.3203125,27224.109375,98000000,27224.109375,26362.583984375,26263.96265625,26944.8723046875
2022-03-23,28056.19921875,27604.369140625,27606.7890625,28040.16015625,88200000,28040.16015625,26901.319921875,26302.38546875,26935.918125
2022-03-24,28110.390625,27624.619140625,27693.76953125,28110.390625,71600000,28110.390625,27370.99609375,26352.193515625,26928.5547265625
2022-03-25,28338.810546875,27946.7890625,28338.810546875,28149.83984375,67400000,28149.83984375,27670.3859375,26379.77109375,26927.1019140625
2022-03-28,28084.080078125,27812.669921875,28084.080078125,27943.890625,65300000,27943.890625,27893.678125,26408.211953125,26910.6665234375
2022-03-29,28252.419921875,28063.919921875,28173.4296875,28252.419921875,77700000,28252.419921875,28099.340234375,26453.4259375,26905.9323046875
2022-03-30,28281.44921875,27736.26953125,28250.80078125,28027.25,83400000,28027.25,28096.758203125,26498.081171875,26903.99171875
2022-03-31,28101.6796875,27763.9609375,27809.970703125,27821.4296875,78600000,27821.4296875,28038.966015625,26552.953984375,26893.749921875
2022-04-01,27738.310546875,27399.48046875,27624.109375,27665.98046875,66800000,27665.98046875,27942.194140625,26620.760390625,26881.92453125
2022-04-04,27754.240234375,27578.810546875,27685.650390625,27736.470703125,50300000,27736.470703125,27900.71015625,26671.15921875,26887.3093359375
2022-04-05,27965.939453125,27662.279296875,27965.939453125,27787.98046875,64300000,27787.98046875,27807.822265625,26721.605625,26887.6103515625
2022-04-06,27549.669921875,27214.609375,27533.880859375,27350.30078125,68700000,27350.30078125,27672.432421875,26741.828828125,26884.171171875
2022-04-07,27042.490234375,26801.7890625,27032.419921875,26888.5703125,71100000,26888.5703125,27485.860546875,26761.65046875,26870.1751953125
2022-04-08,27185.23046875,26764.359375,27097.05078125,26985.80078125,78100000,26985.80078125,27349.824609375,26777.99171875,26867.2644140625
2022-04-11,27004.5,26720.4609375,26877.599609375,26821.51953125,73500000,26821.51953125,27166.834375,26811.433671875,26863.468203125
2022-04-12,26674.859375,26304.080078125,26606.869140625,26334.98046875,75300000,26334.98046875,26876.234375,26855.976484375,26866.761796875
2022-04-13,26885.869140625,26429.470703125,26436.060546875,26843.490234375,71600000,26843.490234375,26774.872265625,26938.078125,26869.2848046875
2022-04-14,27200.890625,26890.6796875,26925.640625,27172.0,61800000,27172.0,26831.558203125,27036.256953125,26872.6851953125
2022-04-15,27203.76953125,26784.919921875,26932.48046875,27093.189453125,51500000,27093.189453125,26853.0359375,27092.368515625,26872.979375
2022-04-18,26851.80078125,26571.380859375,26831.44921875,26799.7109375,48300000,26799.7109375,26848.67421875,27157.84578125,26858.3016015625
2022-04-19,27100.58984375,26777.7109375,27096.490234375,26985.08984375,60500000,26985.08984375,26978.69609375,27224.935390625,26853.1771875
2022-04-20,27389.83984375,27066.1796875,27210.7890625,27217.849609375,72300000,27217.849609375,27053.56796875,27299.79015625,26848.734375
2022-04-21,27580.640625,27252.830078125,27259.140625,27553.060546875,62300000,27553.060546875,27129.780078125,27371.4321875,26854.818203125
2022-04-22,27205.830078125,26904.380859375,27197.80078125,27105.259765625,58500000,27105.259765625,27132.194140625,27389.526953125,26851.2330078125
2022-04-25,26764.48046875,26487.83984375,26692.48046875,26590.779296875,62700000,26590.779296875,27090.4078125,27380.0609375,26831.4512109375
2022-04-26,26808.990234375,26592.990234375,26743.2109375,26700.109375,64300000,26700.109375,27033.41171875,27359.1009375,26811.531796875
2022-04-27,26406.619140625,26051.0390625,26313.140625,26386.630859375,97300000,26386.630859375,26867.16796875,27292.959765625,26797.6726171875
2022-04-28,26876.94921875,26348.359375,26430.279296875,26847.900390625,86700000,26847.900390625,26726.1359375,27242.46015625,26797.3268359375
2022-05-02,26964.58984375,26610.859375,26851.099609375,26818.529296875,74500000,26818.529296875,26668.78984375,27189.207734375,26784.4894140625
2022-05-06,27072.58984375,26543.2890625,26784.2890625,27003.560546875,98500000,27003.560546875,26751.34609375,27151.59453125,26779.9032421875
2022-05-09,26732.609375,26309.220703125,26705.3203125,26319.33984375,79500000,26319.33984375,26675.1921875,27074.271328125,26763.8486328125
2022-05-10,26246.630859375,25773.830078125,26149.060546875,26167.099609375,80800000,26167.099609375,26631.2859375,26999.8653125,26748.9732421875
2022-05-11,26290.619140625,26003.259765625,26045.380859375,26213.640625,85900000,26213.640625,26504.433984375,26935.55375,26744.2538671875
2022-05-12,26028.359375,25688.109375,25945.0390625,25748.720703125,91200000,25748.720703125,26290.472265625,26858.863359375,26739.811875
2022-05-13,26479.9296875,25904.400390625,25918.80078125,26427.650390625,103800000,26427.650390625,26175.290234375,26806.510546875,26738.8348828125
2022-05-16,26836.9609375,26438.609375,26753.369140625,26547.05078125,87000000,26547.05078125,26220.832421875,26756.873359375,26739.2394921875
2022-05-17,26709.259765625,26440.619140625,26555.23046875,26659.75,78900000,26659.75,26319.3625,26729.251328125,26735.540078125
2022-05-18,27053.1796875,26741.33984375,26826.8203125,26911.19921875,74700000,26911.19921875,26458.87421875,26730.156484375,26745.9034765625
2022-05-19,26458.849609375,26150.08984375,26435.3203125,26402.83984375,74500000,26402.83984375,26589.698046875,26706.838046875,26742.4148828125
2022-05-20,26769.19921875,26426.990234375,26448.23046875,26739.029296875,76300000,26739.029296875,26651.973828125,26703.5384375,26757.4860546875
2022-05-23,27047.470703125,26832.650390625,26991.419921875,27001.51953125,65000000,27001.51953125,26742.867578125,26730.2,26793.0882421875
2022-05-24,27005.4296875,26736.009765625,27005.4296875,26748.140625,67400000,26748.140625,26760.545703125,26726.386015625,26832.2320703125
2022-05-25,26795.890625,26578.029296875,26711.529296875,26677.80078125,72300000,26677.80078125,26713.866015625,26706.618046875,26871.4375
2022-05-26,26898.75,26597.970703125,26685.01953125,26604.83984375,64500000,26604.83984375,26754.266015625,26687.0840625,26889.7262890625
2022-05-27,26996.69921875,26731.599609375,26947.80078125,26781.6796875,69300000,26781.6796875,26762.79609375,26686.3628125,26922.104296875
2022-05-30,27401.240234375,27057.19921875,27092.8203125,27369.4296875,97000000,27369.4296875,26836.378125,26701.73640625,26963.3358984375
2022-05-31,27463.330078125,27250.69921875,27318.08984375,27279.80078125,141800000,27279.80078125,26942.71015625,26704.214453125,27002.0023046875
2022-06-01,27482.310546875,27295.419921875,27295.630859375,27457.890625,75800000,27457.890625,27098.728125,26700.40765625,27035.919921875
2022-06-02,27450.470703125,27251.240234375,27340.51953125,27413.880859375,63600000,27413.880859375,27260.536328125,26712.7525,27051.1397265625
2022-06-03,27776.330078125,27614.859375,27660.619140625,27761.5703125,63700000,27761.5703125,27456.514453125,26759.584140625,27069.8225390625
2022-06-06,27979.5390625,27523.94921875,27549.640625,27915.890625,56800000,27915.890625,27565.806640625,26808.215390625,27083.6581640625
2022-06-07,28094.73046875,27863.380859375,27984.7890625,27943.94921875,68300000,27943.94921875,27698.636328125,26870.508125,27081.7339453125
2022-06-08,28234.2890625,28089.779296875,28100.259765625,28234.2890625,78700000,28234.2890625,27853.916015625,26925.963671875,27084.2119140625
2022-06-09,28389.75,28189.349609375,28189.349609375,28246.529296875,80300000,28246.529296875,28020.445703125,26983.083671875,27086.145703125
2022-06-10,28044.44921875,27795.169921875,27996.349609375,27824.2890625,79700000,27824.2890625,28032.989453125,27015.9128125,27083.753671875
2022-06-13,27389.30078125,26948.220703125,27369.66015625,26987.439453125,71400000,26987.439453125,27847.29921875,27042.636796875,27058.4540625
2022-06-14,26657.919921875,26357.900390625,26555.75,26629.859375,75000000,26629.859375,27584.48125,27061.1471875,27030.50625
2022-06-15,26638.759765625,26321.6796875,26625.6796875,26326.16015625,72700000,26326.16015625,27202.85546875,27065.64796875,27000.600859375
2022-06-16,26947.69921875,26431.19921875,26715.51953125,26431.19921875,67800000,26431.19921875,26839.789453125,27092.947109375,26975.905234375
2022-06-17,26072.349609375,25720.80078125,25988.19921875,25963.0,115200000,25963.0,26467.531640625,27074.36109375,26940.4358203125
2022-06-20,26156.619140625,25520.23046875,26156.619140625,25771.220703125,72200000,25771.220703125,26224.287890625,27043.327890625,26900.100625
2022-06-21,26418.83984375,25972.279296875,26070.919921875,26246.310546875,65400000,26246.310546875,26147.578125,27026.7903125,26878.0208203125
2022-06-22,26462.830078125,26149.169921875,26441.720703125,26149.55078125,66400000,26149.55078125,26112.25625,26996.324375,26863.2404296875
2022-06-23,26401.970703125,26039.5703125,26134.890625,26171.25,65700000,26171.25,26060.26640625,26987.06078125,26846.9494140625
2022-06-24,26519.16015625,26148.560546875,26228.419921875,26491.970703125,72600000,26491.970703125,26166.060546875,26977.1784375,26840.3584375
2022-06-27,26938.4296875,26665.439453125,26741.80078125,26871.26953125,65800000,26871.26953125,26386.0703125,26971.9684375,26851.08421875
2022-06-28,27062.310546875,26789.5,26795.6796875,27049.470703125,73400000,27049.470703125,26546.70234375,26984.021640625,26855.203828125
2022-06-29,26858.6796875,26687.470703125,26814.23046875,26804.599609375,101100000,26804.599609375,26677.712109375,26989.09359375,26847.8558203125
2022-06-30,26753.279296875,26324.310546875,26753.279296875,26393.0390625,86100000,26393.0390625,26722.069921875,26980.6215625,26833.8528125
2022-07-01,26531.240234375,25841.75,26460.7109375,25935.619140625,81700000,25935.619140625,26610.799609375,26946.779140625,26816.5709765625
2022-07-04,26258.859375,25945.830078125,26086.779296875,26153.810546875,68700000,26153.810546875,26467.3078125,26898.154375,26799.945390625
2022-07-05,26532.509765625,26294.83984375,26386.23046875,26423.470703125,62800000,26423.470703125,26342.1078125,26863.901171875,26784.0578125
2022-07-06,26298.9609375,26051.189453125,26190.400390625,26107.650390625,89700000,26107.650390625,26202.71796875,26809.8915625,26755.149609375
2022-07-07,26533.650390625,26136.990234375,26280.939453125,26490.529296875,80700000,26490.529296875,26222.216015625,26772.9575,26742.855
2022-07-08,26881.75,26510.529296875,26623.849609375,26517.189453125,89300000,26517.189453125,26338.530078125,26723.182265625,26741.383203125
2022-07-11,27062.169921875,26710.58984375,26892.73046875,26812.30078125,68500000,26812.30078125,26470.228125,26679.038671875,26743.62703125
2022-07-12,26718.669921875,26278.279296875,26701.0,26336.66015625,64400000,26336.66015625,26452.866015625,26614.747109375,26742.6276171875
2022-07-13,26543.0703125,26389.099609375,26403.7890625,26478.76953125,54100000,26478.76953125,26527.08984375,26544.526328125,26735.245
2022-07-14,26713.0703125,26312.7890625,26357.3203125,26643.390625,60600000,26643.390625,26557.662109375,26480.40078125,26731.7422265625
2022-07-15,26857.76953125,26571.380859375,26736.080078125,26788.470703125,65500000,26788.470703125,26611.918359375,26438.968046875,26727.4404296875
2022-07-19,27043.580078125,26791.7109375,27003.830078125,26961.6796875,59400000,26961.6796875,26641.794140625,26437.93765625,26740.2872265625
2022-07-20,27692.849609375,27295.94921875,27295.94921875,27680.259765625,66700000,27680.259765625,26910.5140625,26479.953671875,26770.5504296875
2022-07-21,27803.0,27549.560546875,27627.880859375,27803.0,56700000,27803.0,27175.36015625,26539.027265625,26802.3376171875
2022-07-22,27952.25,27701.25,27773.140625,27914.66015625,60100000,27914.66015625,27429.6140625,26598.365703125,26845.65640625
2022-07-25,27848.58984375,27663.16015625,27697.76953125,27699.25,46500000,27699.25,27611.769921875,26667.815703125,26871.0883984375
2022-07-26,27715.779296875,27538.390625,27682.19921875,27655.2109375,50000000,27655.2109375,27750.476171875,26743.1753125,26893.2516015625
2022-07-27,27772.970703125,27525.08984375,27575.16015625,27715.75,51100000,27715.75,27757.57421875,26801.952890625,26914.3716015625
2022-07-28,28015.6796875,27651.990234375,27909.150390625,27815.48046875,83500000,27815.48046875,27760.0703125,26868.590078125,26932.4572265625
2022-07-29,28001.80078125,27725.240234375,27915.220703125,27801.640625,79300000,27801.640625,27737.46640625,26933.805703125,26960.4332421875
2022-08-01,27993.349609375,27751.58984375,27813.8203125,27993.349609375,71900000,27993.349609375,27796.286328125,26993.860859375,26985.5196484375
2022-08-02,27830.580078125,27530.599609375,27812.48046875,27594.73046875,71800000,27594.73046875,27784.190234375,27022.799296875,26997.3838671875
2022-08-03,27837.630859375,27634.650390625,27673.0,27741.900390625,72300000,27741.900390625,27789.4203125,27050.496484375,27017.2590625
2022-08-04,28005.58984375,27870.05078125,27930.939453125,27932.19921875,83100000,27932.19921875,27812.7640625,27095.60046875,27042.34703125
2022-08-05,28190.0390625,27910.220703125,27915.060546875,28175.869140625,71300000,28175.869140625,27887.609765625,27166.913671875,27073.7676171875
2022-08-08,28279.119140625,28047.080078125,28050.08984375,28249.240234375,66100000,28249.240234375,27938.787890625,27259.458515625,27103.118828125
2022-08-09,28257.33984375,27966.91015625,28236.83984375,27999.9609375,64900000,27999.9609375,28019.833984375,27333.30453125,27115.729453125
2022-08-10,27964.9609375,27729.4609375,27955.109375,27819.330078125,59900000,27819.330078125,28035.319921875,27389.13890625,27126.5200390625
2022-08-12,28546.98046875,28207.859375,28251.740234375,28546.98046875,89600000,28546.98046875,28158.276171875,27486.712109375,27148.3018359375
2022-08-15,28897.0703125,28623.779296875,28623.779296875,28871.779296875,53700000,28871.779296875,28297.458203125,27581.962109375,27177.4598046875
2022-08-16,28928.16015625,28752.880859375,28829.529296875,28868.91015625,50100000,28868.91015625,28421.3921875,27676.0309375,27199.6066015625
2022-08-17,29222.76953125,28944.7109375,28952.650390625,29222.76953125,66600000,29222.76953125,28665.95390625,27772.4496875,27225.7441796875
2022-08-18,28999.640625,28846.51953125,28957.400390625,28942.140625,47400000,28942.140625,28890.516015625,27876.66890625,27245.7080078125
2022-08-19,29150.80078125,28913.05078125,29095.7109375,28930.330078125,48400000,28930.330078125,28967.1859375,27974.731328125,27259.628828125
2022-08-22,28828.2109375,28586.359375,28654.0703125,28794.5,49200000,28794.5,28951.730078125,28060.775703125,27270.5882421875
2022-08-23,28580.19921875,28395.30078125,28580.19921875,28452.75,55700000,28452.75,28868.498046875,28127.346875,27283.1574609375
2022-08-24,28515.609375,28282.2109375,28481.33984375,28313.470703125,62000000,28313.470703125,28686.63828125,28181.418515625,27309.6780859375
2022-08-25,28534.7109375,28357.029296875,28415.109375,28479.009765625,53700000,28479.009765625,28594.012109375,28213.368515625,27346.66109375
2022-08-26,28792.9296875,28608.69921875,28639.470703125,28641.380859375,49100000,28641.380859375,28536.222265625,28246.90375,27392.9655078125
2022-08-29,28179.08984375,27788.119140625,28161.060546875,27878.9609375,64100000,27878.9609375,28353.114453125,28245.47578125,27421.9207421875
2022-08-30,28233.80078125,27944.25,28086.720703125,28195.580078125,60700000,28195.580078125,28301.68046875,28265.328984375,27466.57234375
2022-08-31,28104.80078125,27906.169921875,27928.08984375,28091.529296875,86200000,28091.529296875,28257.2921875,28282.78171875,27512.978515625
2022-09-01,27832.779296875,27589.69921875,27797.0,27661.470703125,68900000,27661.470703125,28093.784375,28280.610546875,27541.28171875
2022-09-02,27772.369140625,27570.740234375,27755.599609375,27650.83984375,58800000,27650.83984375,27895.676171875,28274.024921875,27571.3075
2022-09-05,27673.439453125,27511.6796875,27567.2890625,27642.009765625,0,27642.009765625,27848.2859375,28267.6396875,27600.7226953125
